freq (Hz),dB20(clip(dft((VT("/Out+") - VT("/Out-")) VAR("tstart") (VAR("tstart") + (VAR("M") / VAR("fsamp"))) (VAR("M") * VAR("pts_per_symbol")) "Rectangular" 1 "default" 1.5) 0 (VAR("fsamp") / 2))) J 13  (dB),dB20(clip(dft((VT("/Out+") - VT("/Out-")) VAR("tstart") (VAR("tstart") + (VAR("M") / VAR("fsamp"))) (VAR("M") * VAR("pts_per_symbol")) "Rectangular" 1 "default" 1.5) 0 (VAR("fsamp") / 2))) J 113  (dB),dB20(clip(dft((VT("/Out+") - VT("/Out-")) VAR("tstart") (VAR("tstart") + (VAR("M") / VAR("fsamp"))) (VAR("M") * VAR("pts_per_symbol")) "Rectangular" 1 "default" 1.5) 0 (VAR("fsamp") / 2))) J 213  (dB),dB20(clip(dft((VT("/Out+") - VT("/Out-")) VAR("tstart") (VAR("tstart") + (VAR("M") / VAR("fsamp"))) (VAR("M") * VAR("pts_per_symbol")) "Rectangular" 1 "default" 1.5) 0 (VAR("fsamp") / 2))) J 313  (dB),dB20(clip(dft((VT("/Out+") - VT("/Out-")) VAR("tstart") (VAR("tstart") + (VAR("M") / VAR("fsamp"))) (VAR("M") * VAR("pts_per_symbol")) "Rectangular" 1 "default" 1.5) 0 (VAR("fsamp") / 2))) J 413  (dB),dB20(clip(dft((VT("/Out+") - VT("/Out-")) VAR("tstart") (VAR("tstart") + (VAR("M") / VAR("fsamp"))) (VAR("M") * VAR("pts_per_symbol")) "Rectangular" 1 "default" 1.5) 0 (VAR("fsamp") / 2))) J 513  (dB),dB20(clip(dft((VT("/Out+") - VT("/Out-")) VAR("tstart") (VAR("tstart") + (VAR("M") / VAR("fsamp"))) (VAR("M") * VAR("pts_per_symbol")) "Rectangular" 1 "default" 1.5) 0 (VAR("fsamp") / 2))) J 613  (dB),dB20(clip(dft((VT("/Out+") - VT("/Out-")) VAR("tstart") (VAR("tstart") + (VAR("M") / VAR("fsamp"))) (VAR("M") * VAR("pts_per_symbol")) "Rectangular" 1 "default" 1.5) 0 (VAR("fsamp") / 2))) J 713  (dB),dB20(clip(dft((VT("/Out+") - VT("/Out-")) VAR("tstart") (VAR("tstart") + (VAR("M") / VAR("fsamp"))) (VAR("M") * VAR("pts_per_symbol")) "Rectangular" 1 "default" 1.5) 0 (VAR("fsamp") / 2))) J 813  (dB),dB20(clip(dft((VT("/Out+") - VT("/Out-")) VAR("tstart") (VAR("tstart") + (VAR("M") / VAR("fsamp"))) (VAR("M") * VAR("pts_per_symbol")) "Rectangular" 1 "default" 1.5) 0 (VAR("fsamp") / 2))) J 913  (dB),dB20(clip(dft((VT("/Out+") - VT("/Out-")) VAR("tstart") (VAR("tstart") + (VAR("M") / VAR("fsamp"))) (VAR("M") * VAR("pts_per_symbol")) "Rectangular" 1 "default" 1.5) 0 (VAR("fsamp") / 2))) J 1013  (dB)
0.000,-143.1,-101.3,-101.9,-103.6,-104.5,-103.6,-102.1,-100.3,-97.52,-95.42,-90.23
195.3E3,-81.59,-90.95,-86.04,-77.08,-82.69,-78.69,-86.53,-81.16,-85.25,-82.45,-67.48
390.6E3,-108.6,-114.3,-119.1,-127.2,-132.5,-135.1,-129.4,-129.0,-128.9,-129.5,-141.6
585.9E3,-85.63,-78.63,-86.90,-80.09,-86.34,-84.25,-78.20,-88.90,-85.54,-93.27,-78.94
781.3E3,-107.5,-114.3,-119.3,-124.4,-137.7,-107.9,-131.8,-126.8,-128.7,-131.7,-139.6
976.6E3,-92.53,-84.74,-89.71,-87.83,-79.42,-99.68,-83.01,-87.69,-83.10,-87.83,-91.68
1.172E6,-106.3,-114.7,-119.1,-126.0,-134.9,-135.9,-133.7,-128.4,-128.4,-126.8,-149.3
1.367E6,-80.58,-83.29,-102.0,-82.53,-78.89,-91.27,-85.23,-85.36,-84.67,-91.81,-80.65
1.563E6,-104.7,-114.4,-119.0,-125.9,-132.0,-125.5,-133.9,-128.5,-128.5,-128.3,-144.1
1.758E6,-85.18,-81.70,-83.06,-91.18,-81.15,-94.04,-83.15,-89.56,-91.44,-84.82,-85.40
1.953E6,-101.3,-114.4,-119.2,-125.5,-138.2,-143.2,-130.9,-127.1,-127.7,-128.8,-159.7
2.148E6,-76.85,-80.75,-83.95,-77.51,-84.48,-86.39,-82.90,-82.34,-74.87,-87.34,-85.69
2.344E6,-91.93,-114.2,-119.3,-124.9,-129.2,-143.3,-129.7,-130.5,-126.0,-125.4,-146.8
2.539E6,-5.968,-96.37,-91.93,-89.87,-79.52,-78.31,-81.86,-95.91,-87.61,-84.20,-87.25
2.734E6,-93.01,-113.3,-119.2,-124.3,-128.4,-140.6,-112.3,-125.8,-129.4,-128.3,-140.0
2.930E6,-87.62,-93.28,-82.19,-86.63,-85.53,-78.26,-79.75,-82.77,-92.52,-81.74,-81.35
3.125E6,-104.8,-114.7,-119.3,-123.4,-122.6,-128.1,-136.3,-128.6,-130.8,-123.7,-147.5
3.320E6,-79.92,-88.96,-89.82,-85.18,-65.15,-90.29,-87.55,-82.27,-88.23,-82.40,-82.13
3.516E6,-110.1,-114.4,-118.3,-123.8,-128.6,-138.9,-132.1,-126.3,-129.7,-128.5,-141.8
3.711E6,-81.47,-78.11,-87.13,-98.13,-86.31,-89.24,-81.19,-75.66,-78.15,-78.98,-81.92
3.906E6,-113.9,-114.6,-119.3,-126.2,-143.9,-127.2,-132.9,-127.4,-129.0,-128.0,-146.9
4.102E6,-87.93,-84.96,-81.90,-82.37,-82.57,-83.17,-89.31,-85.70,-100.6,-86.15,-78.61
4.297E6,-117.2,-114.6,-119.0,-123.3,-142.1,-140.2,-132.3,-126.5,-129.9,-126.9,-103.1
4.492E6,-83.12,-91.16,-92.01,-89.01,-91.86,-86.60,-80.52,-89.16,-94.82,-79.70,-77.96
4.688E6,-120.5,-114.3,-119.0,-125.0,-133.9,-136.5,-132.6,-127.1,-134.9,-132.0,-140.0
4.883E6,-92.40,-86.74,-80.36,-83.70,-82.60,-84.39,-78.56,-80.77,-88.49,-65.55,-78.19
5.078E6,-111.6,-114.8,-119.0,-125.2,-136.3,-140.7,-134.1,-127.7,-128.7,-127.1,-137.1
5.273E6,-81.25,-87.10,-81.12,-79.92,-101.7,-93.67,-94.43,-82.72,-79.71,-79.85,-79.91
5.469E6,-122.6,-113.8,-118.9,-124.8,-136.9,-122.9,-117.6,-126.8,-129.4,-128.5,-148.8
5.664E6,-87.47,-90.28,-92.21,-77.28,-82.49,-77.95,-91.61,-84.03,-103.1,-87.86,-81.48
5.859E6,-121.0,-114.3,-118.8,-125.4,-137.6,-139.0,-130.4,-123.1,-134.0,-127.1,-145.2
6.055E6,-89.82,-88.04,-80.53,-83.90,-83.80,-101.9,-87.70,-89.36,-71.23,-81.80,-84.57
6.250E6,-121.4,-114.4,-119.9,-125.5,-131.5,-121.9,-134.9,-126.9,-120.5,-129.3,-148.2
6.445E6,-79.67,-77.00,-78.66,-86.07,-92.52,-83.94,-99.98,-85.52,-81.96,-96.88,-84.52
6.641E6,-121.7,-114.6,-119.7,-125.6,-116.4,-135.1,-131.4,-127.7,-125.3,-127.9,-140.0
6.836E6,-81.22,-89.89,-86.29,-85.00,-88.96,-77.23,-87.43,-85.82,-77.30,-78.59,-86.30
7.031E6,-120.5,-114.9,-118.5,-124.2,-135.0,-125.0,-131.5,-126.9,-126.3,-127.4,-144.9
7.227E6,-89.45,-78.96,-86.76,-80.23,-84.29,-87.14,-83.57,-91.91,-93.15,-81.02,-79.97
7.422E6,-120.8,-114.5,-118.5,-128.0,-139.9,-136.7,-133.8,-127.5,-125.4,-126.5,-147.5
7.617E6,-74.68,-87.23,-76.05,-91.34,-85.10,-81.48,-87.97,-86.20,-86.07,-91.31,-83.64
7.813E6,-121.0,-114.6,-119.1,-125.7,-133.8,-133.8,-135.3,-127.7,-129.6,-126.1,-144.8
8.008E6,-79.53,-78.72,-98.88,-85.88,-82.16,-91.71,-78.21,-81.78,-85.66,-82.60,-84.07
8.203E6,-120.1,-115.1,-118.9,-125.2,-135.9,-138.5,-120.9,-127.0,-126.8,-126.7,-139.4
8.398E6,-78.73,-81.48,-85.19,-79.67,-84.52,-102.2,-92.12,-94.40,-80.51,-77.17,-75.87
8.594E6,-120.1,-114.6,-118.9,-124.6,-139.2,-137.4,-140.3,-125.3,-127.8,-127.3,-125.7
8.789E6,-85.17,-90.60,-94.03,-83.94,-85.97,-80.64,-82.15,-83.34,-82.58,-79.44,-77.38
8.984E6,-119.2,-114.5,-118.8,-126.9,-135.5,-137.7,-133.8,-125.6,-129.3,-129.2,-146.7
9.180E6,-81.14,-82.50,-88.69,-91.93,-81.96,-77.79,-83.20,-87.72,-92.64,-83.57,-88.72
9.375E6,-120.1,-114.8,-119.1,-124.8,-138.1,-129.0,-131.5,-126.6,-127.1,-128.2,-143.2
9.570E6,-82.85,-89.02,-74.60,-81.94,-80.65,-84.06,-87.65,-88.74,-91.81,-81.56,-82.16
9.766E6,-119.0,-114.6,-117.1,-125.0,-153.8,-138.0,-133.9,-127.3,-127.9,-130.0,-148.5
9.961E6,-89.40,-74.61,-90.48,-101.6,-65.81,-75.19,-82.22,-77.39,-73.37,-81.60,-85.20
10.16E6,-116.2,-114.5,-118.9,-125.3,-130.1,-129.9,-132.4,-126.8,-127.7,-128.0,-139.6
10.35E6,-84.09,-77.96,-91.26,-82.82,-86.57,-79.58,-81.18,-85.48,-94.57,-80.35,-85.43
10.55E6,-119.0,-114.7,-118.5,-114.4,-138.8,-139.4,-134.2,-126.5,-128.7,-128.8,-143.1
10.74E6,-90.29,-92.12,-90.42,-83.21,-85.28,-79.34,-93.98,-78.79,-86.85,-94.32,-85.52
10.94E6,-118.5,-114.3,-118.7,-125.0,-130.9,-142.6,-137.3,-128.2,-127.9,-127.1,-140.6
11.13E6,-77.93,-86.94,-86.66,-80.54,-82.86,-83.36,-82.01,-78.26,-90.21,-108.5,-82.11
11.33E6,-118.5,-114.1,-118.5,-124.2,-136.1,-139.1,-132.6,-127.3,-127.9,-130.2,-140.3
11.52E6,-87.39,-81.64,-92.01,-88.43,-88.69,-91.43,-88.05,-88.03,-91.97,-83.32,-81.36
11.72E6,-118.6,-114.2,-118.9,-125.8,-132.7,-139.1,-131.4,-132.7,-127.2,-127.3,-144.5
11.91E6,-79.13,-81.31,-79.82,-80.78,-81.54,-76.63,-82.90,-78.98,-97.21,-88.97,-84.39
12.11E6,-118.7,-114.7,-118.3,-124.0,-134.8,-141.1,-131.8,-126.1,-128.3,-124.3,-134.0
12.30E6,-81.37,-88.29,-91.64,-76.59,-78.77,-83.31,-86.05,-80.95,-87.97,-80.52,-84.84
12.50E6,-118.4,-114.3,-119.4,-124.3,-135.5,-128.2,-132.0,-125.8,-127.1,-127.7,-137.3
12.70E6,-82.66,-88.86,-83.26,-78.37,-93.48,-90.04,-86.25,-84.58,-95.68,-87.22,-76.41
12.89E6,-118.5,-114.1,-118.9,-124.2,-135.2,-140.4,-131.9,-125.7,-126.8,-127.2,-114.6
13.09E6,-95.14,-84.59,-86.59,-81.97,-82.41,-76.21,-92.88,-99.19,-79.28,-87.45,-82.34
13.28E6,-118.1,-114.5,-118.1,-124.1,-112.0,-132.8,-132.4,-127.0,-129.6,-128.1,-139.7
13.48E6,-78.50,-82.06,-93.24,-87.25,-97.53,-76.78,-82.45,-90.72,-77.96,-84.06,-83.84
13.67E6,-119.0,-114.4,-118.3,-122.6,-131.8,-140.9,-129.9,-125.0,-128.5,-127.0,-143.3
13.87E6,-97.97,-89.58,-79.20,-80.20,-88.01,-80.95,-77.54,-82.02,-76.68,-81.07,-79.62
14.06E6,-117.7,-112.9,-118.0,-124.3,-132.5,-142.2,-136.0,-123.6,-126.0,-127.7,-156.1
14.26E6,-81.90,-83.62,-93.21,-78.55,-81.14,-90.65,-84.20,-86.71,-75.77,-81.51,-79.83
14.45E6,-117.9,-113.9,-118.1,-124.4,-131.5,-135.9,-129.9,-129.0,-127.0,-129.1,-155.3
14.65E6,-87.56,-80.95,-90.89,-79.47,-81.98,-89.93,-83.21,-80.35,-91.37,-70.91,-83.17
14.84E6,-118.4,-113.4,-118.1,-123.5,-131.4,-140.5,-132.3,-114.2,-128.1,-127.0,-150.1
15.04E6,-79.95,-84.27,-96.44,-88.28,-90.63,-86.03,-90.23,-77.66,-88.91,-82.68,-88.12
15.23E6,-113.9,-113.5,-118.0,-120.8,-134.0,-135.9,-131.8,-127.2,-127.8,-130.5,-146.1
15.43E6,-88.05,-91.59,-81.66,-88.98,-87.43,-88.25,-88.55,-87.64,-84.79,-78.23,-92.85
15.63E6,-118.0,-113.2,-118.2,-123.1,-129.2,-145.6,-131.9,-123.6,-129.6,-129.3,-141.9
15.82E6,-108.1,-86.04,-84.19,-73.36,-84.69,-81.36,-89.73,-78.76,-80.42,-85.52,-93.86
16.02E6,-118.3,-112.9,-109.1,-124.6,-132.9,-137.2,-131.5,-122.7,-128.4,-129.2,-147.6
16.21E6,-78.18,-82.14,-81.22,-81.13,-86.05,-77.98,-82.10,-83.64,-86.59,-89.58,-83.43
16.41E6,-118.2,-113.3,-118.1,-124.4,-131.8,-131.9,-137.6,-121.5,-128.0,-125.6,-143.7
16.60E6,-81.46,-81.25,-80.97,-83.24,-72.36,-92.23,-80.87,-80.75,-84.57,-81.67,-77.94
16.80E6,-117.3,-112.7,-117.7,-123.1,-130.0,-137.2,-128.4,-118.8,-130.3,-127.8,-131.0
16.99E6,-76.96,-94.40,-83.38,-77.40,-88.22,-81.82,-91.25,-86.03,-101.6,-92.98,-80.19
17.19E6,-117.9,-111.8,-117.8,-123.6,-133.0,-130.0,-129.5,-116.2,-125.6,-125.8,-115.3
17.38E6,-84.26,-87.39,-84.68,-79.26,-77.82,-96.90,-73.33,-84.47,-83.34,-92.67,-73.68
17.58E6,-117.3,-111.1,-117.6,-123.7,-121.3,-136.2,-137.9,-107.8,-127.6,-125.5,-138.7
17.77E6,-79.62,-86.06,-85.79,-83.99,-88.35,-87.70,-86.82,-46.12,-78.05,-88.07,-82.68
17.97E6,-117.2,-111.0,-117.8,-123.8,-133.5,-130.3,-132.4,-110.3,-127.4,-127.8,-133.4
18.16E6,-81.96,-84.17,-102.8,-87.87,-79.62,-82.71,-87.97,-89.49,-78.38,-82.30,-81.08
18.36E6,-117.8,-110.3,-117.5,-124.2,-129.5,-135.4,-132.3,-121.3,-127.5,-129.5,-148.5
18.55E6,-73.84,-87.73,-79.43,-88.40,-82.30,-89.71,-81.50,-84.84,-82.63,-81.26,-79.97
18.75E6,-118.1,-109.5,-117.2,-123.0,-131.1,-136.4,-130.6,-129.4,-128.1,-129.8,-151.2
18.95E6,-85.42,-81.29,-101.5,-92.80,-80.85,-84.32,-82.57,-76.92,-86.42,-87.83,-91.24
19.14E6,-118.1,-109.2,-116.2,-122.8,-133.4,-135.9,-134.8,-135.5,-127.4,-127.7,-150.9
19.34E6,-84.98,-79.15,-89.76,-82.79,-80.59,-87.79,-85.88,-100.6,-84.71,-86.80,-85.64
19.53E6,-117.7,-108.9,-116.8,-126.0,-128.1,-130.9,-129.2,-136.9,-129.6,-124.2,-155.4
19.73E6,-93.40,-108.3,-94.06,-86.69,-95.74,-99.09,-81.32,-79.60,-81.56,-78.08,-96.44
19.92E6,-118.4,-106.8,-117.4,-124.6,-140.5,-135.0,-133.3,-143.0,-127.5,-129.9,-148.5
20.12E6,-80.56,-83.76,-89.91,-84.22,-82.00,-89.63,-80.54,-85.51,-80.50,-80.06,-86.50
20.31E6,-115.4,-104.7,-116.9,-122.8,-130.1,-133.0,-130.4,-130.8,-127.8,-128.3,-140.5
20.51E6,-83.36,-87.81,-96.65,-83.35,-81.23,-102.3,-88.87,-84.53,-84.76,-90.99,-90.30
20.70E6,-118.8,-103.1,-117.5,-123.3,-134.2,-133.6,-131.4,-119.1,-127.6,-128.4,-143.4
20.90E6,-97.60,-93.28,-88.08,-78.75,-93.73,-88.69,-82.17,-86.36,-85.52,-79.02,-85.65
21.09E6,-118.1,-99.91,-117.0,-122.1,-131.9,-133.6,-131.4,-139.3,-127.4,-129.5,-136.4
21.29E6,-91.47,-79.79,-78.98,-82.93,-86.12,-83.92,-81.32,-81.93,-83.73,-91.29,-77.86
21.48E6,-118.6,-95.94,-117.2,-123.1,-130.1,-136.9,-131.6,-135.0,-133.1,-129.4,-113.4
21.68E6,-88.94,-82.59,-93.69,-80.63,-81.96,-81.47,-80.91,-82.53,-101.9,-87.65,-77.97
21.88E6,-118.8,-86.67,-116.6,-122.3,-140.3,-133.3,-125.2,-135.5,-138.0,-124.9,-130.6
22.07E6,-77.63,-6.035,-78.69,-88.77,-82.83,-93.73,-86.26,-90.55,-83.27,-94.45,-84.70
22.27E6,-118.1,-86.73,-118.1,-122.2,-128.2,-137.5,-134.0,-133.1,-128.5,-128.0,-141.2
22.46E6,-82.55,-83.79,-82.64,-77.94,-77.47,-85.50,-83.30,-99.51,-97.65,-93.22,-82.05
22.66E6,-118.5,-96.22,-117.1,-117.2,-132.0,-137.4,-132.6,-135.7,-127.9,-131.5,-151.7
22.85E6,-76.70,-91.57,-96.40,-90.46,-87.77,-79.01,-91.82,-81.67,-91.62,-86.89,-78.50
23.05E6,-118.7,-100.3,-116.5,-121.8,-128.9,-135.0,-132.1,-135.0,-127.9,-129.0,-154.8
23.24E6,-82.26,-88.09,-97.22,-78.53,-77.08,-76.60,-100.5,-88.58,-86.29,-85.25,-83.60
23.44E6,-119.0,-103.7,-116.9,-123.0,-128.1,-135.1,-131.4,-130.5,-128.9,-127.0,-143.3
23.63E6,-73.91,-85.69,-83.45,-81.46,-79.51,-80.91,-77.14,-90.41,-89.41,-83.44,-83.31
23.83E6,-118.6,-105.6,-116.5,-122.1,-131.4,-132.9,-132.3,-142.0,-131.6,-121.3,-139.5
24.02E6,-86.62,-95.58,-88.43,-87.25,-78.80,-83.36,-113.3,-84.76,-87.75,-89.08,-90.47
24.22E6,-119.0,-107.9,-116.7,-127.6,-130.9,-129.1,-134.2,-131.9,-117.5,-130.0,-143.2
24.41E6,-81.13,-80.46,-75.14,-79.50,-87.25,-91.34,-78.98,-85.98,-93.11,-75.01,-82.43
24.61E6,-119.1,-110.1,-116.2,-121.9,-128.1,-132.4,-125.7,-132.7,-127.9,-128.0,-142.9
24.80E6,-98.23,-79.52,-85.96,-85.49,-98.14,-88.12,-87.28,-86.91,-85.17,-77.68,-76.80
25.00E6,-118.8,-110.9,-116.4,-122.0,-127.4,-129.6,-133.6,-133.0,-127.3,-134.5,-144.4
25.20E6,-85.53,-85.09,-88.10,-90.15,-90.69,-84.87,-88.64,-101.8,-96.19,-85.96,-78.78
25.39E6,-120.2,-111.0,-115.6,-121.9,-128.6,-131.9,-131.9,-132.4,-127.6,-128.0,-134.7
25.59E6,-82.50,-85.98,-66.78,-87.88,-81.59,-89.43,-84.39,-84.45,-87.40,-83.92,-99.01
25.78E6,-118.5,-112.0,-116.8,-121.6,-129.1,-134.9,-129.7,-134.0,-128.1,-127.7,-132.5
25.98E6,-88.56,-112.1,-78.90,-81.24,-81.58,-94.02,-92.47,-77.81,-87.03,-94.14,-68.70
26.17E6,-119.0,-112.7,-116.4,-122.7,-127.4,-132.8,-131.5,-132.3,-127.0,-127.2,-134.1
26.37E6,-82.27,-88.11,-84.01,-87.67,-84.40,-98.08,-81.42,-83.00,-78.20,-81.26,-78.55
26.56E6,-118.7,-113.0,-115.9,-121.4,-125.3,-133.3,-131.6,-128.1,-130.7,-128.7,-141.9
26.76E6,-92.36,-82.02,-79.41,-92.67,-77.35,-86.75,-82.41,-86.01,-86.19,-83.22,-78.03
26.95E6,-119.4,-113.4,-115.9,-122.2,-127.1,-132.3,-130.7,-126.9,-125.7,-127.5,-144.3
27.15E6,-78.90,-88.43,-87.75,-83.64,-77.21,-83.32,-76.67,-87.18,-83.24,-97.12,-78.06
27.34E6,-119.7,-114.6,-115.5,-120.5,-130.3,-132.1,-126.9,-130.5,-130.0,-127.4,-139.1
27.54E6,-78.07,-77.27,-82.38,-96.90,-81.38,-82.85,-90.05,-100.2,-82.70,-82.51,-84.95
27.73E6,-120.4,-115.5,-115.9,-123.2,-127.7,-132.5,-134.5,-131.1,-127.5,-127.2,-149.1
27.93E6,-77.06,-82.81,-95.99,-75.26,-84.57,-76.83,-81.58,-91.70,-74.54,-82.89,-85.32
28.13E6,-119.3,-115.1,-115.8,-120.0,-126.3,-132.3,-129.7,-131.1,-127.7,-131.1,-146.9
28.32E6,-80.20,-78.69,-85.03,-93.52,-79.02,-85.13,-94.84,-83.74,-84.56,-79.74,-90.70
28.52E6,-119.7,-115.5,-114.9,-120.7,-126.5,-133.7,-130.0,-130.7,-127.8,-128.6,-143.1
28.71E6,-75.86,-86.83,-86.27,-110.8,-84.72,-78.01,-84.70,-81.70,-84.99,-78.56,-89.42
28.91E6,-119.9,-115.7,-116.1,-120.1,-129.9,-133.6,-131.6,-131.3,-122.7,-127.1,-139.9
29.10E6,-83.57,-91.56,-81.33,-82.43,-80.10,-78.89,-107.3,-81.15,-85.49,-81.53,-79.90
29.30E6,-120.9,-115.8,-115.3,-121.0,-131.2,-130.9,-129.3,-130.8,-126.1,-123.6,-139.6
29.49E6,-94.19,-88.40,-76.37,-81.53,-82.92,-97.91,-88.81,-82.20,-94.00,-84.08,-88.92
29.69E6,-120.3,-116.7,-114.6,-120.7,-128.0,-134.3,-128.9,-135.4,-126.1,-126.5,-139.3
29.88E6,-84.46,-78.28,-86.05,-82.75,-74.44,-90.58,-82.36,-84.28,-82.98,-81.45,-81.07
30.08E6,-120.1,-115.0,-115.0,-120.2,-127.8,-131.2,-131.9,-127.8,-126.1,-128.2,-135.5
30.27E6,-88.55,-88.67,-92.48,-86.96,-88.52,-80.44,-94.64,-80.06,-74.03,-89.24,-73.77
30.47E6,-129.6,-116.7,-115.1,-121.2,-127.9,-138.1,-128.3,-132.0,-127.6,-125.5,-132.6
30.66E6,-87.22,-86.39,-99.96,-86.53,-76.69,-81.07,-85.77,-80.91,-83.50,-79.19,-85.58
30.86E6,-120.5,-117.1,-114.3,-120.0,-121.4,-129.4,-128.2,-132.6,-127.4,-128.7,-148.8
31.05E6,-84.16,-85.28,-77.15,-80.33,-83.08,-76.14,-84.32,-92.61,-82.59,-85.93,-81.16
31.25E6,-120.0,-116.6,-113.9,-120.9,-130.4,-129.6,-128.9,-129.8,-128.1,-128.3,-140.3
31.45E6,-76.94,-89.29,-81.26,-81.77,-85.98,-78.22,-84.76,-77.88,-91.01,-84.22,-81.95
31.64E6,-119.3,-117.2,-114.1,-119.1,-127.3,-132.6,-131.6,-128.2,-130.8,-129.7,-141.9
31.84E6,-90.51,-86.83,-82.58,-83.57,-92.62,-82.27,-81.84,-101.6,-81.37,-83.63,-92.94
32.03E6,-121.0,-117.4,-114.9,-120.5,-127.4,-129.6,-129.7,-129.4,-126.9,-128.8,-149.2
32.23E6,-85.09,-80.82,-84.24,-80.46,-83.87,-91.26,-80.87,-84.26,-91.04,-78.06,-90.39
32.42E6,-120.7,-117.1,-113.4,-119.3,-127.8,-131.2,-128.9,-122.5,-127.3,-129.1,-142.4
32.62E6,-82.24,-79.95,-80.19,-82.27,-87.55,-84.53,-70.84,-76.99,-84.84,-85.77,-96.67
32.81E6,-121.2,-117.2,-113.6,-120.7,-127.5,-131.9,-131.8,-130.7,-128.9,-127.2,-142.5
33.01E6,-81.58,-87.24,-92.55,-89.48,-93.42,-79.10,-86.38,-91.74,-87.09,-87.45,-78.14
33.20E6,-120.5,-117.1,-112.7,-116.4,-127.1,-129.6,-130.4,-131.8,-128.0,-127.0,-146.3
33.40E6,-85.80,-91.81,-92.95,-82.24,-79.42,-79.13,-91.24,-86.17,-78.05,-83.30,-85.47
33.59E6,-120.8,-117.5,-113.0,-119.3,-126.0,-132.1,-129.9,-131.6,-127.6,-114.3,-163.7
33.79E6,-77.12,-82.72,-83.75,-88.21,-85.27,-89.65,-86.42,-91.01,-90.09,-94.63,-94.53
33.98E6,-121.0,-117.7,-112.5,-119.7,-126.7,-130.8,-131.0,-131.0,-127.9,-127.3,-129.8
34.18E6,-85.10,-77.23,-86.61,-91.50,-77.89,-77.37,-90.01,-86.09,-85.18,-74.17,-85.26
34.38E6,-122.1,-117.7,-111.9,-119.0,-126.6,-131.6,-129.9,-132.2,-129.4,-126.7,-116.2
34.57E6,-82.66,-87.01,-86.44,-85.94,-89.65,-88.89,-83.37,-80.97,-82.68,-76.41,-70.51
34.77E6,-121.0,-118.1,-111.9,-119.0,-126.7,-129.9,-127.6,-129.4,-127.5,-126.4,-126.9
34.96E6,-90.19,-83.21,-84.75,-84.95,-80.42,-82.45,-82.86,-89.52,-86.28,-83.21,-79.82
35.16E6,-121.4,-117.9,-110.8,-119.0,-130.1,-128.8,-128.9,-128.8,-129.4,-128.5,-135.0
35.35E6,-82.74,-84.75,-85.06,-93.08,-109.9,-81.22,-72.04,-80.32,-80.59,-84.17,-88.04
35.55E6,-118.9,-117.9,-111.8,-119.4,-124.7,-130.4,-128.9,-111.0,-128.9,-128.2,-138.7
35.74E6,-88.27,-87.43,-95.02,-87.20,-83.41,-80.87,-86.50,-86.20,-78.41,-85.97,-80.18
35.94E6,-121.3,-117.8,-109.9,-118.0,-125.7,-129.2,-128.5,-134.5,-128.3,-127.6,-140.9
36.13E6,-91.96,-88.13,-90.48,-84.97,-81.37,-87.06,-82.91,-88.31,-96.82,-78.32,-85.69
36.33E6,-121.4,-117.9,-109.6,-118.4,-125.9,-130.6,-127.7,-130.7,-122.3,-127.9,-146.0
36.52E6,-87.19,-83.54,-86.56,-82.72,-83.58,-77.59,-87.20,-87.14,-89.83,-81.82,-83.58
36.72E6,-121.1,-117.8,-109.2,-118.2,-125.3,-130.8,-129.6,-128.5,-126.6,-128.2,-138.3
36.91E6,-86.15,-75.58,-98.32,-75.49,-88.44,-80.79,-88.23,-98.89,-77.39,-87.36,-88.60
37.11E6,-122.0,-118.4,-108.2,-119.0,-126.5,-131.3,-126.8,-130.6,-126.2,-127.6,-138.5
37.30E6,-85.11,-89.86,-80.02,-86.63,-76.80,-84.37,-80.77,-85.62,-89.57,-84.65,-82.88
37.50E6,-121.6,-118.4,-107.6,-118.9,-122.8,-129.0,-127.7,-131.3,-126.5,-127.3,-145.8
37.70E6,-79.11,-89.25,-76.80,-90.11,-91.00,-83.82,-87.93,-93.67,-81.56,-87.27,-84.64
37.89E6,-122.2,-118.2,-107.2,-118.7,-125.1,-130.1,-128.8,-129.0,-125.7,-131.0,-135.9
38.09E6,-79.64,-79.49,-87.74,-85.53,-80.53,-84.12,-68.97,-87.07,-82.57,-76.54,-82.97
38.28E6,-121.7,-118.5,-106.4,-119.8,-124.8,-129.6,-130.1,-138.3,-126.3,-128.7,-166.2
38.48E6,-84.95,-85.32,-83.34,-65.78,-77.59,-82.84,-92.34,-82.81,-83.87,-73.64,-79.87
38.67E6,-122.1,-120.1,-104.3,-117.7,-124.3,-128.4,-127.1,-127.8,-125.7,-126.3,-123.1
38.87E6,-77.37,-81.34,-83.97,-81.89,-86.58,-79.10,-89.18,-80.67,-90.33,-80.07,-71.21
39.06E6,-122.2,-118.9,-103.9,-118.8,-125.2,-130.1,-125.4,-131.7,-126.9,-129.7,-134.3
39.26E6,-90.77,-100.9,-83.48,-85.55,-82.90,-113.4,-84.85,-81.31,-84.30,-84.48,-91.40
39.45E6,-121.7,-118.2,-101.8,-118.3,-123.3,-129.3,-123.2,-129.0,-127.3,-127.8,-141.8
39.65E6,-81.45,-80.23,-79.19,-79.12,-87.36,-86.18,-89.72,-77.04,-87.68,-82.19,-81.60
39.84E6,-121.9,-118.7,-100.2,-118.1,-124.1,-130.1,-120.0,-128.8,-127.7,-128.8,-134.5
40.04E6,-94.35,-85.29,-87.74,-74.93,-78.68,-84.03,-87.11,-82.75,-84.78,-85.94,-83.89
40.23E6,-122.3,-118.3,-98.43,-117.5,-124.3,-131.1,-116.9,-129.4,-127.3,-128.7,-139.6
40.43E6,-92.47,-87.23,-75.61,-84.38,-79.24,-80.36,-79.78,-77.28,-78.49,-87.59,-100.5
40.63E6,-117.3,-119.3,-95.43,-119.3,-124.7,-133.9,-107.1,-130.8,-127.3,-127.5,-138.6
40.82E6,-87.53,-80.68,-77.74,-92.53,-81.51,-87.69,-46.26,-81.32,-83.61,-81.63,-86.71
41.02E6,-122.8,-118.4,-90.65,-117.4,-124.4,-128.3,-106.6,-129.9,-129.3,-127.8,-144.8
41.21E6,-90.32,-89.18,-81.95,-92.38,-86.77,-99.19,-83.07,-83.82,-85.32,-83.49,-86.71
41.41E6,-122.8,-120.5,-81.02,-117.5,-124.2,-130.0,-116.7,-129.5,-126.2,-128.6,-145.3
41.60E6,-92.00,-97.10,-6.156,-84.94,-84.38,-82.28,-77.29,-82.26,-81.31,-83.11,-79.31
41.80E6,-122.7,-118.9,-80.99,-117.4,-124.0,-128.5,-121.1,-131.2,-127.7,-127.9,-132.6
41.99E6,-80.27,-87.01,-83.08,-80.24,-83.41,-80.41,-91.11,-86.36,-82.95,-85.71,-78.02
42.19E6,-122.4,-118.7,-90.58,-116.3,-125.6,-128.0,-123.2,-128.3,-128.4,-128.2,-143.1
42.38E6,-76.86,-80.80,-105.1,-81.14,-100.4,-94.55,-94.33,-81.53,-78.98,-97.75,-86.33
42.58E6,-122.4,-119.2,-95.34,-116.7,-124.0,-128.7,-124.5,-128.9,-127.5,-128.9,-133.0
42.77E6,-86.53,-84.91,-84.46,-98.79,-82.40,-91.66,-79.07,-89.36,-89.56,-84.70,-74.97
42.97E6,-122.5,-119.6,-98.32,-117.0,-123.7,-127.0,-125.7,-129.7,-126.7,-126.4,-117.7
43.16E6,-78.24,-85.09,-90.19,-79.46,-80.20,-97.59,-79.56,-95.55,-91.02,-82.22,-87.62
43.36E6,-124.3,-119.2,-100.0,-117.2,-123.3,-128.0,-127.7,-128.7,-127.5,-105.5,-131.0
43.55E6,-79.59,-88.55,-77.78,-80.67,-88.52,-75.58,-73.59,-84.55,-86.41,-78.45,-83.39
43.75E6,-123.6,-120.1,-101.6,-112.9,-123.8,-126.9,-125.5,-130.1,-127.0,-126.6,-144.3
43.95E6,-80.08,-81.26,-77.86,-79.85,-78.73,-81.26,-80.72,-78.51,-87.60,-77.50,-82.75
44.14E6,-123.8,-102.1,-103.5,-116.7,-123.5,-127.9,-130.0,-127.6,-127.2,-128.0,-150.3
44.34E6,-88.48,-97.55,-86.43,-93.73,-88.92,-83.05,-82.53,-80.37,-91.45,-91.36,-78.72
44.53E6,-121.5,-119.6,-104.1,-116.2,-123.6,-127.7,-127.6,-124.7,-127.1,-126.9,-152.3
44.73E6,-87.26,-81.40,-77.90,-85.23,-82.33,-85.70,-85.30,-81.51,-83.59,-82.61,-93.06
44.92E6,-122.9,-119.4,-106.0,-116.5,-122.3,-128.1,-128.2,-129.2,-126.6,-127.7,-142.7
45.12E6,-93.80,-81.60,-91.52,-76.78,-89.72,-82.88,-89.59,-87.96,-97.42,-88.65,-85.66
45.31E6,-122.7,-119.7,-106.7,-115.4,-123.0,-126.9,-128.1,-130.3,-127.9,-124.4,-141.6
45.51E6,-92.36,-97.61,-85.08,-80.02,-87.12,-85.78,-90.93,-79.16,-89.69,-92.72,-95.82
45.70E6,-119.1,-119.8,-107.2,-116.1,-123.2,-127.1,-128.0,-129.7,-126.6,-127.7,-150.3
45.90E6,-82.69,-77.79,-83.66,-83.94,-86.46,-82.98,-83.43,-86.43,-90.82,-90.55,-82.06
46.09E6,-123.9,-120.0,-107.8,-115.8,-122.4,-126.4,-126.5,-128.5,-135.4,-128.5,-145.7
46.29E6,-87.46,-83.93,-84.55,-83.51,-91.93,-88.43,-70.43,-86.31,-82.02,-81.76,-84.07
46.48E6,-124.2,-119.2,-108.7,-115.2,-117.6,-127.0,-130.6,-131.3,-126.8,-126.7,-136.0
46.68E6,-84.85,-81.46,-96.07,-88.00,-87.34,-83.34,-84.27,-84.64,-85.57,-81.51,-80.85
46.88E6,-125.4,-135.6,-109.2,-113.1,-121.9,-126.1,-132.7,-128.2,-127.3,-128.1,-131.2
47.07E6,-81.53,-91.38,-77.66,-83.94,-91.68,-82.73,-98.97,-85.31,-90.39,-86.60,-78.94
47.27E6,-122.8,-120.6,-109.6,-115.2,-122.3,-127.5,-127.8,-131.2,-127.1,-127.5,-116.5
47.46E6,-78.25,-80.15,-79.54,-78.16,-82.73,-92.76,-86.80,-77.90,-84.09,-80.07,-70.28
47.66E6,-123.6,-119.7,-110.9,-115.2,-121.5,-127.4,-129.7,-121.9,-127.0,-133.2,-138.4
47.85E6,-82.50,-83.68,-84.12,-79.47,-84.00,-93.29,-97.85,-84.02,-93.41,-85.09,-84.92
48.05E6,-122.9,-120.3,-110.5,-114.1,-122.2,-128.9,-129.9,-129.7,-128.1,-125.0,-143.8
48.24E6,-77.28,-96.08,-81.53,-92.08,-91.56,-75.47,-85.41,-87.22,-103.3,-69.22,-77.18
48.44E6,-125.4,-120.3,-111.4,-114.3,-121.5,-127.6,-128.7,-129.3,-122.3,-132.1,-147.0
48.63E6,-87.95,-78.22,-104.9,-79.73,-85.41,-88.05,-97.38,-95.14,-90.76,-81.42,-83.48
48.83E6,-124.4,-120.5,-111.4,-114.2,-122.8,-127.5,-127.7,-127.2,-124.9,-127.2,-146.5
49.02E6,-77.11,-80.63,-76.67,-72.35,-84.62,-92.52,-77.69,-90.72,-89.17,-91.51,-86.45
49.22E6,-124.9,-120.8,-111.7,-113.8,-121.2,-126.5,-131.9,-128.8,-126.8,-126.4,-144.8
49.41E6,-86.56,-85.77,-82.67,-77.88,-92.44,-88.04,-92.46,-85.18,-85.41,-83.67,-85.28
49.61E6,-124.0,-118.7,-112.4,-114.4,-121.7,-126.5,-128.5,-128.7,-126.4,-126.4,-143.2
49.80E6,-82.30,-88.77,-81.50,-83.77,-80.32,-77.45,-83.70,-85.18,-82.89,-90.63,-96.36
50.00E6,-123.6,-120.3,-112.4,-114.1,-122.0,-127.8,-127.5,-130.4,-126.7,-133.2,-143.4
50.20E6,-83.91,-82.44,-87.65,-80.08,-81.51,-80.04,-87.96,-85.61,-82.14,-84.20,-83.40
50.39E6,-123.9,-121.1,-112.8,-113.1,-121.2,-127.6,-128.3,-131.0,-127.2,-127.0,-139.6
50.59E6,-81.16,-92.03,-91.50,-71.04,-76.32,-79.00,-87.90,-83.58,-84.62,-99.34,-85.72
50.78E6,-117.8,-120.4,-113.0,-113.8,-115.7,-127.4,-129.8,-130.2,-129.3,-127.7,-143.9
50.98E6,-83.91,-101.4,-87.90,-88.00,-85.76,-87.89,-79.37,-81.99,-83.95,-91.92,-81.27
51.17E6,-124.8,-121.3,-112.4,-113.7,-121.2,-126.2,-129.0,-128.8,-130.5,-128.6,-127.8
51.37E6,-92.23,-80.23,-100.2,-89.83,-84.87,-91.85,-80.84,-77.82,-94.85,-88.78,-71.44
51.56E6,-124.7,-121.3,-113.6,-113.4,-120.8,-126.6,-128.6,-129.1,-126.8,-127.6,-110.1
51.76E6,-81.48,-87.17,-79.60,-83.74,-91.83,-83.61,-87.36,-87.54,-85.81,-86.64,-81.53
51.95E6,-125.5,-121.0,-113.4,-112.6,-121.3,-125.6,-129.4,-129.1,-127.1,-130.0,-131.4
52.15E6,-82.95,-78.20,-91.61,-80.70,-80.00,-76.32,-84.79,-105.3,-75.75,-80.52,-74.62
52.34E6,-124.7,-123.0,-113.8,-112.2,-121.0,-125.0,-128.4,-127.9,-127.5,-127.5,-134.2
52.54E6,-78.97,-81.64,-85.66,-81.80,-87.50,-81.76,-83.02,-84.96,-86.70,-89.49,-81.18
52.73E6,-124.2,-122.6,-114.4,-112.0,-121.1,-125.5,-127.6,-129.0,-126.5,-126.5,-134.3
52.93E6,-79.35,-82.26,-81.43,-91.48,-90.45,-81.68,-85.52,-81.59,-80.26,-82.21,-79.04
53.13E6,-124.3,-120.7,-114.4,-111.0,-119.0,-125.0,-129.4,-129.5,-126.3,-114.2,-142.2
53.32E6,-80.25,-81.85,-83.53,-87.32,-79.94,-87.70,-84.31,-78.12,-101.5,-96.81,-79.51
53.52E6,-124.8,-121.7,-114.2,-110.9,-121.5,-125.5,-127.9,-133.6,-132.3,-126.6,-136.8
53.71E6,-82.81,-90.07,-87.37,-82.89,-85.49,-83.93,-84.02,-83.97,-78.18,-80.25,-92.86
53.91E6,-125.4,-121.5,-114.4,-110.2,-120.7,-124.9,-127.8,-128.4,-128.5,-128.0,-136.9
54.10E6,-86.23,-73.50,-89.58,-80.80,-91.76,-92.67,-81.56,-88.20,-86.21,-86.33,-87.47
54.30E6,-124.8,-121.7,-115.8,-108.9,-119.7,-125.3,-125.2,-128.5,-127.7,-131.6,-141.4
54.49E6,-85.59,-87.61,-87.55,-86.23,-82.54,-75.73,-84.20,-76.98,-98.35,-100.3,-80.60
54.69E6,-125.1,-121.5,-114.4,-108.9,-121.1,-123.7,-128.2,-130.8,-125.7,-126.9,-144.6
54.88E6,-82.19,-88.01,-95.90,-88.59,-81.65,-95.04,-82.25,-83.18,-91.53,-95.41,-82.79
55.08E6,-124.8,-120.5,-115.4,-108.9,-121.0,-124.3,-126.9,-130.1,-127.3,-124.8,-131.7
55.27E6,-86.69,-92.27,-77.16,-79.04,-83.64,-73.09,-80.34,-81.61,-101.8,-85.10,-82.62
55.47E6,-125.2,-122.0,-115.0,-108.5,-119.6,-125.4,-128.2,-128.3,-126.9,-126.0,-146.0
55.66E6,-83.47,-77.79,-79.47,-86.60,-82.62,-94.24,-91.34,-79.46,-101.4,-81.14,-80.49
55.86E6,-115.8,-122.3,-115.2,-109.6,-119.0,-125.7,-128.4,-130.4,-123.1,-127.0,-119.7
56.05E6,-88.95,-81.20,-93.81,-81.72,-79.60,-78.77,-99.23,-83.67,-84.84,-88.56,-81.86
56.25E6,-124.9,-122.1,-115.5,-106.8,-119.2,-123.6,-126.9,-127.3,-127.0,-128.4,-140.7
56.45E6,-85.32,-89.57,-85.18,-83.82,-93.76,-87.22,-86.39,-91.13,-77.88,-92.06,-77.95
56.64E6,-125.9,-122.6,-115.2,-106.3,-119.5,-123.8,-127.3,-127.9,-125.9,-126.9,-129.9
56.84E6,-82.10,-83.92,-94.18,-80.61,-81.21,-75.42,-83.68,-86.72,-80.50,-83.36,-86.39
57.03E6,-124.0,-122.4,-115.5,-105.3,-120.7,-124.2,-128.9,-128.1,-126.2,-127.2,-146.6
57.23E6,-80.19,-91.39,-85.06,-90.44,-87.02,-91.94,-83.91,-81.95,-98.75,-89.57,-86.86
57.42E6,-125.8,-121.9,-116.5,-104.1,-117.3,-124.3,-126.6,-128.1,-126.4,-141.7,-138.5
57.62E6,-79.86,-93.43,-76.32,-83.04,-88.90,-83.53,-95.86,-95.82,-78.44,-78.14,-83.22
57.81E6,-125.7,-122.5,-115.8,-103.9,-118.2,-123.2,-127.4,-128.4,-126.8,-128.9,-144.5
58.01E6,-81.25,-84.51,-83.05,-79.21,-82.37,-97.55,-82.59,-96.35,-84.13,-82.34,-89.15
58.20E6,-125.8,-122.9,-116.3,-102.3,-118.5,-123.6,-127.5,-128.5,-127.1,-128.2,-144.5
58.40E6,-81.39,-83.50,-78.01,-88.46,-89.05,-84.30,-93.72,-79.69,-90.27,-79.72,-89.81
58.59E6,-124.8,-122.4,-115.8,-101.4,-118.6,-123.4,-127.5,-130.9,-127.1,-126.0,-134.4
58.79E6,-83.29,-81.35,-84.01,-82.08,-78.64,-78.90,-85.20,-84.74,-78.95,-80.00,-84.14
58.98E6,-125.2,-123.0,-116.0,-100.0,-117.6,-124.4,-127.0,-129.0,-125.4,-126.3,-140.5
59.18E6,-84.81,-87.12,-90.11,-78.52,-82.61,-96.38,-83.24,-78.13,-81.55,-84.41,-84.66
59.38E6,-124.6,-122.9,-116.1,-97.81,-117.9,-124.3,-127.8,-135.9,-126.4,-127.8,-133.3
59.57E6,-84.70,-87.22,-82.31,-80.44,-87.08,-87.51,-87.39,-83.79,-79.22,-87.63,-82.78
59.77E6,-128.0,-123.4,-116.7,-95.83,-118.1,-123.8,-124.7,-125.5,-127.6,-124.9,-134.6
59.96E6,-81.29,-81.91,-83.17,-83.85,-87.41,-98.55,-93.67,-77.30,-83.79,-92.11,-76.86
60.16E6,-126.5,-122.6,-115.8,-93.27,-118.2,-123.9,-125.8,-127.4,-126.0,-127.8,-125.1
60.35E6,-91.18,-83.80,-80.94,-86.07,-87.63,-99.23,-96.09,-92.93,-80.86,-101.0,-77.74
60.55E6,-126.2,-122.7,-116.4,-88.29,-117.6,-123.8,-126.5,-128.9,-124.9,-125.6,-132.6
60.74E6,-96.74,-82.87,-83.17,-77.40,-78.09,-89.85,-82.34,-89.03,-88.49,-89.99,-82.81
60.94E6,-117.5,-122.9,-116.5,-78.93,-118.0,-123.6,-127.0,-127.2,-125.3,-128.2,-136.1
61.13E6,-83.26,-83.79,-80.89,-6.336,-91.23,-84.85,-83.32,-87.20,-77.40,-87.47,-81.64
61.33E6,-125.2,-123.0,-116.5,-78.89,-117.9,-123.4,-126.8,-128.6,-126.5,-127.1,-138.7
61.52E6,-87.56,-82.61,-86.75,-80.86,-79.67,-90.43,-75.98,-83.52,-86.41,-90.60,-82.39
61.72E6,-125.8,-123.6,-116.9,-88.21,-116.9,-123.2,-125.5,-128.7,-126.3,-127.2,-144.7
61.91E6,-79.69,-84.47,-86.00,-87.18,-90.12,-78.17,-86.80,-81.63,-90.16,-100.8,-90.19
62.11E6,-124.0,-123.4,-116.9,-93.06,-118.5,-122.9,-126.3,-129.0,-127.5,-129.2,-134.8
62.30E6,-92.52,-109.4,-85.79,-85.01,-83.45,-82.46,-84.79,-81.56,-93.05,-85.05,-86.02
62.50E6,-127.5,-123.5,-117.2,-95.62,-117.7,-123.1,-126.9,-126.0,-126.9,-129.2,-147.3
62.70E6,-81.59,-83.22,-85.28,-78.86,-83.94,-89.47,-82.78,-85.77,-79.03,-78.51,-84.24
62.89E6,-127.5,-123.9,-116.8,-97.46,-117.1,-122.6,-126.4,-129.6,-123.6,-116.4,-138.8
63.09E6,-81.97,-88.65,-94.54,-86.29,-77.76,-84.25,-84.27,-96.31,-81.54,-86.37,-80.41
63.28E6,-127.8,-122.5,-117.2,-100.0,-117.8,-122.1,-127.0,-127.4,-126.2,-126.0,-135.4
63.48E6,-78.54,-82.39,-94.18,-89.58,-83.13,-84.26,-83.82,-89.20,-91.19,-76.26,-84.09
63.67E6,-124.0,-123.1,-117.1,-100.9,-116.8,-122.2,-126.0,-128.2,-126.5,-127.6,-139.2
63.87E6,-80.52,-84.23,-82.26,-94.13,-89.26,-90.16,-82.12,-83.40,-93.78,-84.76,-78.34
64.06E6,-125.5,-123.6,-118.4,-101.9,-110.2,-120.9,-125.3,-130.5,-126.3,-127.0,-132.6
64.26E6,-82.53,-80.86,-86.55,-96.47,-87.72,-82.77,-78.27,-78.85,-74.18,-89.21,-96.03
64.45E6,-125.4,-123.7,-117.0,-103.4,-116.4,-122.0,-126.7,-127.4,-127.2,-126.3,-120.0
64.65E6,-81.48,-89.41,-86.28,-88.67,-91.48,-91.15,-83.04,-79.28,-78.87,-81.59,-79.30
64.84E6,-136.1,-123.5,-117.1,-103.5,-116.8,-121.4,-127.9,-126.0,-124.6,-125.3,-130.4
65.04E6,-81.26,-87.75,-82.99,-84.50,-83.69,-98.79,-87.58,-92.95,-86.37,-89.93,-82.44
65.23E6,-127.2,-124.3,-117.3,-104.6,-117.2,-122.0,-122.6,-119.1,-125.0,-126.4,-137.1
65.43E6,-91.64,-84.40,-82.87,-83.32,-88.22,-87.11,-80.43,-80.19,-82.16,-79.50,-80.89
65.63E6,-126.9,-122.0,-117.4,-105.6,-116.2,-122.8,-126.5,-127.4,-126.6,-127.4,-149.0
65.82E6,-86.36,-91.66,-86.88,-93.60,-89.59,-89.70,-88.17,-92.08,-89.59,-81.85,-80.12
66.02E6,-122.0,-119.7,-117.9,-106.2,-117.0,-122.0,-126.1,-127.5,-126.1,-127.9,-136.8
66.21E6,-84.03,-50.57,-83.49,-83.45,-89.54,-90.84,-82.30,-86.69,-82.26,-88.02,-78.73
66.41E6,-126.0,-116.7,-117.7,-104.5,-113.4,-124.6,-125.0,-128.1,-126.7,-127.3,-138.4
66.60E6,-88.20,-92.70,-86.10,-76.71,-84.15,-95.52,-95.73,-85.42,-82.15,-86.38,-94.11
66.80E6,-125.9,-122.8,-117.3,-107.4,-115.7,-122.1,-124.7,-128.7,-125.7,-127.5,-137.3
66.99E6,-83.07,-85.80,-83.46,-81.06,-90.15,-101.0,-78.70,-76.55,-85.53,-84.01,-92.11
67.19E6,-125.0,-123.6,-111.2,-107.8,-115.2,-123.4,-127.0,-127.0,-125.1,-136.5,-135.8
67.38E6,-86.88,-88.15,-92.88,-82.03,-66.39,-82.33,-78.91,-78.91,-78.13,-83.31,-82.46
67.58E6,-128.9,-124.0,-118.4,-108.2,-115.6,-121.2,-127.9,-125.8,-133.0,-127.0,-143.0
67.77E6,-86.48,-91.48,-85.04,-93.79,-77.72,-84.12,-85.45,-87.11,-89.71,-76.34,-77.44
67.97E6,-126.8,-124.1,-117.9,-108.8,-115.2,-121.7,-120.7,-126.8,-126.7,-128.8,-146.7
68.16E6,-80.20,-82.05,-84.13,-84.54,-87.99,-86.02,-85.99,-76.64,-80.55,-78.10,-82.15
68.36E6,-128.1,-124.7,-118.2,-109.1,-116.3,-121.9,-125.1,-127.1,-125.1,-126.6,-136.1
68.55E6,-78.63,-79.59,-81.87,-84.83,-102.2,-83.97,-79.88,-84.25,-85.98,-78.61,-82.24
68.75E6,-124.8,-122.9,-118.4,-109.6,-114.7,-120.9,-125.3,-127.7,-125.9,-125.2,-152.0
68.95E6,-103.2,-69.41,-86.22,-83.31,-80.34,-83.49,-90.90,-81.23,-82.08,-78.51,-71.62
69.14E6,-126.4,-122.7,-118.4,-109.6,-113.8,-121.1,-124.6,-128.8,-124.9,-125.6,-127.3
69.34E6,-90.41,-88.31,-78.03,-89.14,-96.38,-82.51,-91.87,-85.23,-86.05,-81.74,-84.02
69.53E6,-126.3,-125.0,-118.0,-110.4,-113.5,-121.0,-124.9,-127.9,-124.3,-125.1,-142.5
69.73E6,-82.96,-105.3,-81.29,-81.51,-83.86,-82.25,-79.03,-83.90,-84.30,-79.80,-95.03
69.92E6,-128.6,-124.8,-119.5,-110.5,-113.5,-121.1,-125.9,-128.1,-123.4,-127.5,-135.1
70.12E6,-81.15,-89.06,-81.38,-81.91,-85.75,-91.49,-86.57,-92.80,-81.39,-93.47,-81.74
70.31E6,-126.9,-124.7,-115.8,-111.4,-113.2,-121.2,-123.7,-127.5,-129.0,-127.0,-145.0
70.51E6,-88.59,-88.01,-87.97,-88.02,-88.63,-91.49,-93.45,-88.49,-91.77,-88.13,-79.12
70.70E6,-127.7,-125.2,-118.1,-110.9,-109.1,-120.6,-124.1,-127.0,-127.3,-125.6,-149.4
70.90E6,-78.85,-76.49,-84.00,-94.89,-90.79,-109.4,-84.71,-92.87,-85.79,-78.33,-86.74
71.09E6,-120.6,-124.0,-118.5,-111.3,-112.3,-120.0,-124.7,-123.7,-125.6,-126.2,-138.6
71.29E6,-96.82,-82.28,-94.46,-88.20,-84.79,-83.19,-85.88,-86.15,-89.20,-81.51,-99.86
71.48E6,-126.6,-127.5,-118.8,-111.6,-112.6,-120.3,-124.7,-126.2,-125.3,-127.3,-139.9
71.68E6,-82.58,-79.91,-100.2,-72.31,-85.20,-93.34,-80.43,-92.74,-80.77,-78.11,-81.21
71.88E6,-127.8,-127.6,-119.1,-112.0,-112.2,-120.5,-124.0,-126.9,-124.8,-126.4,-141.6
72.07E6,-94.45,-92.48,-93.21,-86.55,-84.25,-86.02,-85.20,-83.01,-84.36,-77.14,-84.04
72.27E6,-126.5,-125.1,-119.3,-112.0,-111.9,-120.2,-125.9,-127.2,-123.9,-126.8,-136.1
72.46E6,-97.09,-82.81,-87.37,-85.03,-79.13,-87.37,-79.11,-83.54,-78.58,-76.84,-79.34
72.66E6,-128.0,-126.0,-118.8,-112.6,-110.7,-121.0,-124.9,-127.8,-119.5,-136.6,-141.3
72.85E6,-77.91,-87.48,-84.97,-83.85,-87.14,-84.58,-86.51,-87.25,-87.67,-83.03,-89.70
73.05E6,-127.3,-125.5,-119.0,-112.3,-111.8,-119.3,-125.0,-127.4,-122.4,-127.5,-132.6
73.24E6,-104.2,-93.06,-96.04,-76.61,-85.45,-94.65,-84.10,-81.99,-88.33,-84.70,-88.48
73.44E6,-127.6,-125.2,-123.3,-112.8,-110.6,-119.4,-125.5,-127.4,-124.8,-129.5,-135.5
73.63E6,-79.97,-81.75,-77.39,-86.08,-80.45,-81.36,-86.31,-83.24,-86.64,-101.1,-83.38
73.83E6,-127.9,-126.4,-119.9,-113.7,-109.7,-119.9,-123.6,-135.7,-124.2,-127.5,-147.7
74.02E6,-79.70,-83.09,-85.43,-86.77,-69.63,-84.99,-88.95,-82.43,-70.96,-81.05,-86.58
74.22E6,-127.8,-124.7,-119.2,-113.0,-109.5,-118.8,-123.6,-122.7,-121.7,-127.2,-143.1
74.41E6,-91.17,-83.96,-85.97,-87.46,-85.27,-86.80,-83.31,-103.2,-86.03,-91.28,-86.72
74.61E6,-128.0,-126.1,-119.0,-113.4,-109.0,-119.4,-124.7,-125.2,-121.9,-125.9,-144.6
74.80E6,-86.89,-81.61,-79.08,-78.21,-78.03,-93.13,-86.54,-90.26,-95.96,-87.76,-77.04
75.00E6,-125.8,-126.0,-119.6,-113.5,-107.9,-120.3,-123.9,-125.9,-120.4,-124.7,-137.3
75.20E6,-80.91,-77.75,-90.16,-85.49,-88.23,-87.94,-76.71,-86.76,-92.54,-81.17,-86.74
75.39E6,-127.4,-125.7,-119.3,-113.8,-108.2,-119.1,-123.8,-125.3,-119.2,-126.3,-140.3
75.59E6,-93.80,-110.4,-80.52,-90.41,-81.69,-89.10,-84.80,-86.66,-88.26,-86.94,-87.36
75.78E6,-126.6,-125.8,-119.4,-114.1,-106.7,-119.6,-122.7,-126.1,-116.5,-128.4,-154.1
75.98E6,-79.96,-99.56,-79.32,-94.65,-87.85,-83.26,-84.99,-83.10,-86.20,-87.61,-90.57
76.17E6,-119.1,-126.4,-120.9,-114.1,-106.6,-119.2,-117.5,-127.9,-109.4,-128.0,-150.8
76.37E6,-91.60,-86.18,-88.38,-80.25,-82.66,-82.89,-83.52,-82.35,-46.67,-87.49,-87.65
76.56E6,-128.0,-125.3,-118.5,-114.6,-105.4,-119.0,-124.3,-123.4,-111.4,-125.7,-130.0
76.76E6,-90.17,-87.16,-81.77,-78.24,-79.42,-86.27,-87.63,-83.98,-82.01,-85.36,-87.76
76.95E6,-128.8,-128.7,-118.0,-113.4,-104.4,-118.8,-123.8,-120.4,-123.3,-126.8,-139.5
77.15E6,-83.22,-82.25,-99.70,-74.64,-84.32,-93.50,-76.83,-86.01,-99.93,-83.05,-77.93
77.34E6,-128.2,-127.8,-120.0,-113.9,-106.0,-118.9,-123.8,-126.7,-127.4,-128.0,-114.3
77.54E6,-91.02,-85.37,-77.25,-86.19,-101.7,-84.46,-87.35,-82.97,-88.90,-82.40,-68.79
77.73E6,-127.0,-125.6,-119.8,-114.1,-101.9,-118.3,-123.4,-126.9,-128.1,-128.2,-133.6
77.93E6,-78.13,-81.59,-95.82,-81.42,-77.14,-96.40,-87.01,-89.11,-95.83,-76.10,-79.57
78.13E6,-127.5,-126.6,-120.0,-115.1,-101.6,-118.4,-122.7,-126.1,-131.6,-122.0,-134.2
78.32E6,-84.03,-77.03,-88.10,-79.78,-83.15,-85.61,-84.65,-90.64,-79.48,-84.20,-85.98
78.52E6,-125.6,-126.3,-120.5,-119.2,-100.2,-118.7,-124.4,-126.4,-130.1,-125.5,-144.9
78.71E6,-89.04,-94.44,-91.84,-86.22,-82.12,-83.69,-84.21,-92.58,-79.64,-87.49,-80.46
78.91E6,-129.7,-126.2,-120.1,-114.6,-97.81,-117.7,-107.2,-126.2,-129.2,-127.6,-143.6
79.10E6,-88.29,-80.49,-85.47,-84.38,-79.01,-92.21,-76.79,-84.78,-85.21,-82.62,-76.33
79.30E6,-128.9,-126.6,-120.0,-114.7,-95.46,-117.9,-124.5,-126.9,-129.2,-122.8,-142.2
79.49E6,-105.4,-83.25,-83.08,-83.87,-95.21,-86.41,-83.90,-83.50,-79.09,-83.65,-90.38
79.69E6,-131.3,-124.6,-122.9,-115.1,-92.52,-117.8,-123.7,-124.9,-130.7,-126.0,-139.0
79.88E6,-94.21,-79.82,-82.20,-84.93,-82.06,-90.01,-85.65,-85.03,-91.67,-89.74,-85.15
80.08E6,-124.5,-122.2,-124.7,-115.8,-88.17,-118.0,-123.6,-122.3,-123.4,-124.8,-136.2
80.27E6,-80.97,-107.8,-92.19,-81.18,-85.70,-84.21,-87.63,-87.13,-77.47,-90.65,-78.39
80.47E6,-126.7,-129.7,-120.7,-115.1,-78.68,-117.7,-123.6,-126.3,-129.7,-127.7,-137.7
80.66E6,-82.95,-80.06,-82.72,-79.90,-6.587,-89.50,-82.17,-83.55,-87.35,-87.46,-86.35
80.86E6,-127.1,-125.2,-120.2,-115.5,-78.64,-117.6,-122.6,-125.6,-126.1,-125.7,-143.6
81.05E6,-83.15,-77.74,-84.43,-89.17,-88.23,-89.10,-80.56,-82.03,-86.20,-84.64,-86.08
81.25E6,-120.6,-127.3,-120.9,-114.9,-88.07,-117.1,-126.2,-127.5,-127.4,-123.5,-137.7
81.45E6,-83.10,-89.01,-87.43,-87.95,-88.27,-82.24,-80.31,-92.53,-86.39,-82.38,-79.69
81.64E6,-130.4,-126.4,-120.7,-114.8,-92.45,-117.3,-108.6,-125.9,-127.3,-124.6,-117.5
81.84E6,-91.95,-83.13,-103.9,-86.00,-93.36,-86.81,-83.43,-77.21,-79.79,-63.42,-82.05
82.03E6,-129.9,-126.8,-120.7,-115.5,-95.20,-117.1,-122.0,-125.3,-127.4,-128.7,-121.0
82.23E6,-92.29,-82.36,-83.74,-79.86,-82.53,-78.89,-77.71,-88.99,-81.78,-84.01,-80.64
82.42E6,-133.2,-128.2,-121.4,-115.9,-97.54,-117.1,-122.4,-125.6,-101.8,-122.1,-143.5
82.62E6,-109.3,-90.10,-84.88,-78.82,-90.43,-89.55,-79.08,-80.59,-91.82,-87.18,-83.39
82.81E6,-127.6,-130.9,-120.4,-115.4,-99.78,-117.0,-122.3,-126.5,-125.1,-126.4,-141.5
83.01E6,-88.26,-85.72,-85.30,-86.19,-90.27,-88.15,-88.29,-76.49,-89.44,-77.22,-81.00
83.20E6,-127.6,-127.1,-101.0,-115.6,-101.1,-116.9,-121.7,-124.1,-127.5,-127.4,-138.3
83.40E6,-85.19,-91.03,-89.00,-83.97,-87.22,-90.35,-78.98,-82.40,-89.24,-89.58,-76.99
83.59E6,-125.1,-127.5,-121.0,-116.9,-101.5,-116.3,-122.3,-126.2,-127.1,-125.0,-140.0
83.79E6,-88.82,-83.82,-87.97,-71.39,-97.68,-95.20,-85.24,-84.44,-82.79,-84.81,-88.80
83.98E6,-130.0,-126.2,-121.1,-115.9,-100.4,-116.6,-121.3,-125.3,-126.0,-126.3,-150.7
84.18E6,-89.86,-95.49,-84.42,-85.37,-84.92,-94.27,-83.75,-87.02,-80.36,-86.82,-85.74
84.38E6,-130.5,-126.7,-121.6,-115.9,-103.7,-116.6,-123.0,-125.9,-127.9,-125.6,-144.7
84.57E6,-85.16,-85.82,-83.01,-85.35,-97.71,-88.27,-103.2,-100.2,-82.36,-86.20,-98.56
84.77E6,-130.6,-127.2,-121.4,-116.1,-104.6,-115.9,-121.8,-126.4,-122.2,-125.9,-140.6
84.96E6,-91.69,-78.99,-84.09,-81.32,-86.31,-86.11,-86.73,-80.24,-89.87,-89.44,-84.98
85.16E6,-123.9,-126.6,-121.5,-116.3,-105.7,-116.1,-121.8,-124.8,-126.4,-126.5,-140.7
85.35E6,-90.03,-84.82,-75.99,-80.62,-91.02,-84.89,-80.22,-78.39,-80.52,-80.30,-88.46
85.55E6,-127.6,-121.3,-120.9,-116.2,-105.9,-115.4,-121.1,-123.2,-126.6,-125.0,-130.8
85.74E6,-85.64,-89.63,-81.64,-83.98,-94.03,-94.29,-84.90,-85.26,-87.44,-88.50,-83.52
85.94E6,-127.9,-129.8,-121.6,-117.1,-106.6,-115.9,-121.0,-116.2,-129.1,-127.0,-123.3
86.13E6,-84.88,-84.03,-91.07,-81.17,-99.36,-89.31,-84.35,-86.76,-92.36,-77.60,-69.54
86.33E6,-118.3,-126.0,-115.9,-116.6,-107.0,-115.1,-121.6,-125.7,-126.7,-125.8,-126.4
86.52E6,-84.64,-83.84,-84.27,-79.73,-78.03,-84.33,-82.28,-81.66,-81.59,-83.99,-80.84
86.72E6,-129.6,-128.0,-121.2,-116.4,-107.6,-115.2,-120.1,-126.1,-127.3,-122.2,-135.3
86.91E6,-83.46,-83.18,-88.21,-101.9,-88.46,-79.89,-96.62,-83.43,-80.37,-101.6,-99.81
87.11E6,-130.0,-126.6,-121.4,-116.9,-108.0,-115.5,-126.7,-125.0,-127.0,-125.1,-130.7
87.30E6,-79.27,-77.42,-75.99,-79.89,-68.10,-92.78,-87.11,-96.49,-88.34,-78.24,-82.54
87.50E6,-129.6,-127.8,-122.0,-117.6,-108.9,-114.9,-120.5,-125.5,-125.0,-126.6,-138.3
87.70E6,-88.21,-85.47,-101.6,-105.1,-90.60,-81.42,-92.29,-83.73,-80.18,-98.60,-75.14
87.89E6,-128.6,-126.9,-121.9,-117.3,-109.2,-115.3,-120.9,-124.9,-125.5,-130.5,-136.7
88.09E6,-90.09,-83.10,-103.3,-109.9,-82.70,-86.22,-86.84,-82.74,-88.30,-81.91,-91.88
88.28E6,-127.7,-107.2,-122.0,-116.9,-109.9,-114.3,-120.4,-124.7,-124.4,-126.1,-136.2
88.48E6,-86.18,-93.70,-81.55,-92.31,-85.82,-90.49,-90.95,-89.13,-64.89,-89.13,-87.45
88.67E6,-127.7,-128.7,-122.3,-117.2,-110.3,-114.5,-120.9,-126.2,-130.7,-127.2,-138.3
88.87E6,-76.44,-88.16,-84.54,-78.58,-81.31,-84.77,-86.50,-72.27,-82.95,-85.36,-82.74
89.06E6,-129.3,-128.5,-121.6,-115.8,-110.7,-114.0,-121.0,-127.1,-126.1,-124.3,-134.2
89.26E6,-81.21,-83.38,-102.6,-79.12,-92.98,-82.55,-90.60,-80.59,-89.86,-91.02,-82.01
89.45E6,-129.6,-126.8,-122.8,-116.8,-110.8,-113.3,-120.5,-124.2,-124.4,-127.1,-139.2
89.65E6,-92.95,-85.18,-77.97,-85.01,-80.26,-80.05,-85.67,-82.04,-92.33,-90.43,-80.52
89.84E6,-130.3,-127.9,-123.3,-117.2,-111.1,-112.2,-119.6,-124.3,-125.8,-125.7,-130.2
90.04E6,-92.11,-85.17,-76.36,-87.76,-79.73,-82.24,-79.81,-74.30,-76.37,-100.7,-73.41
90.23E6,-126.4,-127.7,-121.7,-116.9,-111.4,-112.4,-119.4,-125.1,-126.3,-124.4,-119.0
90.43E6,-80.95,-82.73,-90.20,-88.17,-85.52,-90.10,-80.37,-85.33,-96.44,-90.19,-91.07
90.63E6,-130.1,-127.1,-122.4,-117.7,-109.6,-111.8,-120.1,-124.5,-125.3,-123.1,-131.9
90.82E6,-101.6,-94.70,-76.97,-79.87,-87.08,-87.96,-76.88,-78.00,-77.03,-86.01,-83.45
91.02E6,-129.2,-110.8,-122.3,-117.2,-112.2,-111.7,-120.6,-125.2,-127.1,-125.5,-130.9
91.21E6,-83.33,-80.84,-86.21,-95.25,-92.01,-95.48,-83.14,-80.36,-82.34,-81.48,-86.39
91.41E6,-116.0,-128.1,-122.5,-117.8,-111.7,-112.1,-120.5,-125.1,-127.0,-121.5,-135.4
91.60E6,-82.08,-79.82,-78.06,-91.98,-82.70,-82.56,-78.03,-103.4,-90.08,-70.38,-82.76
91.80E6,-128.9,-127.1,-121.9,-117.2,-112.2,-111.4,-119.5,-127.7,-123.6,-128.7,-147.0
91.99E6,-95.75,-85.13,-108.8,-84.04,-92.93,-92.07,-83.20,-85.76,-84.04,-84.49,-76.07
92.19E6,-129.7,-129.1,-122.5,-117.6,-112.5,-111.3,-119.0,-124.6,-123.1,-146.3,-133.8
92.38E6,-87.22,-85.83,-98.16,-81.72,-84.31,-77.58,-92.13,-94.28,-76.02,-84.70,-124.9
92.58E6,-125.5,-127.5,-120.9,-117.2,-112.8,-110.3,-113.4,-125.0,-126.1,-128.6,-148.8
92.77E6,-84.46,-80.37,-76.58,-82.47,-86.08,-95.41,-89.03,-84.94,-77.71,-81.92,-86.39
92.97E6,-130.7,-129.0,-122.5,-117.5,-112.3,-110.6,-119.7,-122.8,-125.5,-128.5,-144.8
93.16E6,-78.02,-83.35,-81.07,-82.23,-83.03,-71.52,-84.37,-95.22,-89.22,-84.36,-80.56
93.36E6,-129.4,-127.2,-122.3,-117.8,-113.0,-110.0,-119.3,-124.6,-125.9,-125.5,-130.7
93.55E6,-80.36,-92.86,-78.65,-85.29,-86.27,-89.03,-76.97,-94.26,-86.44,-83.25,-86.71
93.75E6,-129.7,-126.5,-122.5,-117.6,-113.0,-108.8,-119.5,-124.7,-126.4,-126.1,-141.4
93.95E6,-81.75,-84.39,-86.02,-82.86,-67.92,-71.60,-107.7,-78.88,-105.0,-82.92,-79.17
94.14E6,-127.0,-127.6,-122.6,-115.8,-113.7,-108.5,-119.4,-122.7,-128.6,-126.6,-128.8
94.34E6,-83.26,-82.36,-91.63,-68.93,-82.40,-95.62,-80.52,-89.27,-89.88,-106.1,-81.43
94.53E6,-128.2,-128.0,-122.8,-119.4,-113.6,-107.8,-118.8,-124.8,-117.4,-125.1,-150.6
94.73E6,-84.56,-91.78,-95.47,-86.53,-83.22,-76.35,-88.57,-84.93,-88.71,-83.47,-78.14
94.92E6,-129.5,-127.2,-122.7,-119.3,-114.6,-107.2,-120.2,-123.1,-125.7,-125.3,-125.7
95.12E6,-82.50,-84.04,-114.4,-92.93,-90.31,-90.15,-77.19,-82.66,-99.38,-82.32,-90.09
95.31E6,-127.8,-129.1,-122.6,-118.9,-113.6,-106.7,-116.7,-126.7,-125.4,-129.9,-132.8
95.51E6,-80.67,-86.25,-84.43,-82.08,-81.74,-78.82,-96.25,-79.68,-80.03,-75.25,-86.39
95.70E6,-131.8,-128.2,-121.0,-118.8,-114.2,-106.0,-119.2,-124.2,-125.7,-126.3,-143.8
95.90E6,-85.25,-79.59,-86.78,-84.01,-90.11,-84.00,-78.14,-79.23,-86.56,-81.61,-87.74
96.09E6,-130.7,-129.5,-121.8,-118.3,-114.5,-105.3,-118.9,-123.4,-125.5,-126.5,-137.4
96.29E6,-85.96,-84.98,-94.40,-93.64,-85.84,-75.56,-80.57,-89.14,-79.88,-85.46,-78.29
96.48E6,-120.8,-119.7,-123.4,-119.3,-114.2,-104.4,-118.5,-123.6,-124.5,-108.3,-137.8
96.68E6,-82.50,-83.80,-88.32,-92.78,-77.98,-97.10,-94.18,-78.03,-77.06,-81.83,-87.99
96.88E6,-128.5,-127.3,-123.5,-118.8,-114.4,-103.6,-118.4,-123.3,-125.2,-127.2,-137.8
97.07E6,-97.08,-92.53,-91.76,-87.77,-99.55,-79.26,-85.64,-89.54,-88.70,-87.61,-84.33
97.27E6,-129.0,-128.0,-122.9,-118.9,-118.5,-102.6,-117.7,-124.2,-129.1,-126.2,-142.4
97.46E6,-82.09,-92.12,-89.77,-80.13,-88.44,-87.65,-94.75,-88.74,-85.83,-95.62,-85.59
97.66E6,-126.4,-128.4,-123.0,-119.3,-114.5,-100.6,-119.8,-120.3,-124.5,-122.0,-140.8
97.85E6,-82.16,-84.22,-85.91,-84.26,-88.05,-71.55,-84.04,-87.83,-88.19,-86.22,-82.34
98.05E6,-132.0,-127.7,-122.9,-117.8,-114.7,-99.26,-119.8,-123.9,-125.2,-126.1,-136.3
98.24E6,-78.82,-80.06,-81.94,-93.73,-77.74,-85.91,-92.61,-81.31,-79.69,-80.00,-92.21
98.44E6,-132.0,-130.0,-123.2,-119.1,-114.8,-97.35,-117.8,-123.0,-126.0,-128.3,-133.4
98.63E6,-88.45,-83.22,-79.24,-87.65,-82.82,-66.39,-78.75,-81.34,-101.9,-84.91,-74.85
98.83E6,-132.2,-125.9,-121.8,-118.8,-115.4,-95.08,-118.1,-123.7,-125.6,-123.2,-110.4
99.02E6,-85.67,-89.12,-80.90,-83.46,-81.57,-89.31,-77.45,-95.87,-79.05,-86.60,-95.51
99.22E6,-125.1,-132.2,-122.9,-119.6,-113.9,-91.55,-117.7,-123.7,-125.2,-126.4,-126.4
99.41E6,-81.32,-88.53,-79.60,-79.99,-90.98,-46.82,-120.4,-82.25,-92.69,-90.29,-81.79
99.61E6,-128.4,-129.0,-122.5,-111.9,-115.5,-89.84,-117.3,-122.6,-124.5,-122.7,-126.5
99.80E6,-87.91,-95.19,-101.9,-80.48,-84.78,-82.24,-103.5,-87.03,-77.78,-87.63,-78.73
100.0E6,-128.1,-127.9,-123.3,-119.2,-115.4,-78.99,-117.8,-124.0,-123.4,-126.6,-139.3
100.2E6,-82.73,-79.25,-101.7,-85.96,-93.97,-6.910,-78.23,-86.31,-91.07,-80.92,-79.15
100.4E6,-132.5,-128.0,-123.8,-119.0,-115.8,-78.83,-117.4,-124.2,-126.5,-126.1,-133.6
100.6E6,-89.91,-85.18,-99.09,-83.63,-78.09,-86.81,-88.05,-84.33,-77.73,-81.78,-77.82
100.8E6,-133.3,-129.1,-123.1,-119.9,-115.8,-88.84,-119.6,-123.0,-124.4,-118.2,-138.4
101.0E6,-95.71,-87.71,-102.9,-82.43,-95.69,-65.52,-80.33,-108.1,-80.22,-82.20,-81.29
101.2E6,-132.9,-127.8,-123.5,-117.3,-115.5,-92.32,-117.3,-123.7,-125.0,-124.9,-137.6
101.4E6,-86.51,-83.91,-82.23,-87.93,-91.94,-88.50,-78.06,-88.88,-90.48,-68.84,-91.53
101.6E6,-135.4,-130.4,-123.5,-119.2,-115.8,-95.21,-116.9,-122.6,-124.3,-126.7,-130.7
101.8E6,-86.91,-84.47,-101.0,-82.66,-95.47,-72.27,-89.95,-87.22,-87.55,-85.68,-83.71
102.0E6,-127.9,-121.9,-123.3,-119.7,-116.5,-97.30,-116.7,-122.4,-124.8,-125.2,-135.0
102.1E6,-84.42,-83.56,-88.58,-89.06,-93.46,-95.12,-86.10,-91.85,-87.74,-100.8,-93.44
102.3E6,-128.6,-126.0,-128.0,-118.7,-116.6,-99.11,-116.3,-122.5,-123.6,-125.2,-134.1
102.5E6,-87.90,-85.90,-81.82,-113.8,-84.57,-73.49,-87.54,-80.41,-84.23,-89.41,-80.32
102.7E6,-127.1,-129.6,-124.4,-117.9,-116.1,-100.4,-116.4,-121.7,-125.8,-126.2,-128.5
102.9E6,-84.06,-88.96,-95.11,-85.43,-84.40,-87.83,-85.78,-82.59,-83.56,-89.22,-80.24
103.1E6,-133.6,-129.5,-123.8,-119.5,-116.2,-102.3,-115.8,-121.1,-124.7,-127.1,-113.0
103.3E6,-85.99,-90.60,-91.84,-80.45,-76.87,-80.38,-88.79,-88.65,-79.97,-82.28,-69.30
103.5E6,-131.2,-128.6,-123.5,-120.4,-117.0,-103.3,-117.6,-118.6,-124.7,-125.7,-126.4
103.7E6,-82.27,-88.48,-88.54,-86.84,-88.67,-93.74,-92.10,-71.13,-83.60,-84.53,-76.47
103.9E6,-133.5,-129.8,-123.2,-119.1,-115.5,-103.8,-115.9,-127.7,-125.2,-124.8,-126.3
104.1E6,-87.55,-80.96,-99.09,-95.61,-76.76,-78.06,-84.93,-86.33,-84.38,-83.64,-85.89
104.3E6,-126.0,-126.5,-123.8,-119.2,-117.7,-104.8,-115.8,-123.7,-123.9,-125.5,-133.3
104.5E6,-81.88,-87.88,-87.71,-85.65,-86.11,-91.31,-88.88,-84.37,-89.12,-86.08,-89.71
104.7E6,-129.1,-133.8,-123.9,-120.0,-116.1,-105.2,-115.1,-124.8,-123.6,-126.8,-129.7
104.9E6,-96.41,-86.93,-79.54,-75.20,-85.44,-75.01,-91.38,-88.11,-79.51,-83.64,-80.99
105.1E6,-129.1,-133.3,-123.0,-119.9,-117.0,-106.1,-115.3,-122.4,-124.7,-143.2,-143.9
105.3E6,-79.53,-101.8,-81.50,-83.82,-82.73,-91.87,-90.98,-94.78,-81.70,-80.43,-101.5
105.5E6,-130.6,-128.3,-123.4,-120.0,-116.9,-106.3,-114.7,-123.7,-124.9,-126.1,-135.9
105.7E6,-84.39,-86.27,-84.43,-86.35,-80.84,-71.87,-84.53,-87.94,-89.84,-73.40,-82.53
105.9E6,-132.9,-130.0,-123.2,-120.3,-116.9,-107.2,-114.7,-122.5,-125.0,-125.7,-131.9
106.1E6,-89.34,-87.15,-92.19,-84.64,-84.84,-88.93,-76.06,-95.44,-89.90,-93.44,-81.14
106.3E6,-129.9,-129.7,-124.0,-119.8,-115.5,-107.5,-117.6,-120.8,-124.4,-123.6,-145.9
106.4E6,-86.25,-98.75,-98.35,-72.64,-86.59,-71.10,-78.82,-90.15,-92.51,-87.26,-86.44
106.6E6,-129.5,-128.1,-123.9,-120.6,-116.6,-108.3,-114.1,-121.6,-118.1,-124.2,-129.4
106.8E6,-86.17,-86.93,-77.11,-81.76,-82.99,-95.24,-85.93,-83.64,-92.50,-86.38,-78.94
107.0E6,-129.1,-131.1,-124.2,-122.4,-116.6,-109.0,-114.5,-120.9,-125.7,-124.5,-130.9
107.2E6,-94.17,-90.23,-105.1,-83.13,-82.83,-75.42,-94.29,-99.39,-82.01,-94.73,-88.91
107.4E6,-130.9,-125.7,-123.9,-120.4,-117.0,-109.7,-114.1,-122.4,-124.6,-130.5,-116.8
107.6E6,-84.30,-76.73,-78.52,-90.17,-82.48,-97.40,-88.34,-82.53,-83.79,-86.52,-72.47
107.8E6,-128.2,-126.1,-125.2,-120.1,-116.8,-109.4,-113.7,-121.9,-123.9,-125.4,-124.1
108.0E6,-79.79,-84.90,-98.88,-80.13,-82.80,-84.11,-85.62,-90.91,-85.32,-80.29,-88.97
108.2E6,-131.0,-130.8,-124.6,-120.1,-118.4,-110.3,-113.7,-121.6,-125.2,-127.1,-133.8
108.4E6,-85.34,-87.94,-86.56,-82.42,-90.08,-90.15,-85.51,-91.54,-89.10,-85.30,-80.15
108.6E6,-131.0,-129.0,-128.3,-122.4,-116.5,-110.6,-112.4,-121.4,-123.5,-123.6,-141.5
108.8E6,-86.25,-89.44,-62.85,-86.74,-83.68,-104.3,-78.91,-91.07,-86.33,-82.10,-79.29
109.0E6,-130.2,-131.0,-121.8,-120.6,-117.7,-110.9,-112.5,-121.6,-124.0,-126.1,-144.9
109.2E6,-81.63,-90.08,-81.02,-84.29,-81.31,-81.56,-88.98,-83.08,-93.76,-77.72,-86.53
109.4E6,-131.1,-129.0,-123.9,-121.1,-117.1,-110.7,-111.9,-124.7,-124.5,-128.2,-135.8
109.6E6,-85.35,-79.83,-80.10,-84.68,-88.33,-84.26,-81.86,-78.33,-86.14,-84.77,-92.07
109.8E6,-129.8,-129.5,-123.6,-120.9,-117.5,-111.1,-112.1,-123.0,-125.2,-125.0,-137.7
110.0E6,-90.74,-85.23,-86.15,-79.85,-90.39,-92.49,-84.59,-85.85,-90.53,-83.12,-83.50
110.2E6,-131.8,-134.9,-123.3,-114.0,-118.0,-111.2,-112.0,-121.3,-123.4,-123.6,-135.3
110.4E6,-88.85,-67.48,-88.66,-78.17,-86.12,-81.74,-97.54,-84.33,-74.11,-78.50,-85.38
110.5E6,-128.6,-127.3,-124.7,-120.6,-126.6,-111.2,-111.9,-120.7,-123.8,-127.5,-135.1
110.7E6,-86.81,-86.74,-84.18,-86.58,-74.60,-99.08,-82.92,-79.62,-82.86,-93.44,-77.49
110.9E6,-130.1,-128.2,-124.1,-120.9,-117.8,-111.8,-111.0,-120.9,-124.5,-125.1,-134.6
111.1E6,-90.91,-87.81,-106.1,-88.94,-80.43,-89.30,-82.89,-89.64,-81.52,-87.40,-97.29
111.3E6,-128.7,-128.6,-124.0,-121.2,-117.5,-112.4,-110.4,-121.1,-124.8,-125.5,-132.1
111.5E6,-86.81,-85.29,-85.23,-85.18,-80.85,-92.10,-74.84,-80.69,-87.11,-78.90,-89.40
111.7E6,-120.1,-128.7,-126.5,-123.8,-118.3,-112.5,-109.6,-120.6,-123.5,-128.2,-113.5
111.9E6,-80.64,-87.75,-79.66,-87.53,-84.23,-79.95,-81.37,-82.79,-78.64,-85.90,-87.72
112.1E6,-132.0,-128.9,-124.2,-120.6,-117.7,-112.7,-110.2,-121.0,-124.3,-125.8,-126.5
112.3E6,-90.24,-84.90,-78.99,-86.66,-80.75,-89.77,-88.14,-79.39,-80.56,-83.21,-88.89
112.5E6,-131.6,-128.9,-124.5,-121.2,-117.8,-113.4,-109.4,-120.3,-124.4,-125.0,-136.9
112.7E6,-77.09,-93.99,-98.15,-79.36,-83.69,-82.01,-85.13,-84.26,-70.43,-100.2,-82.71
112.9E6,-133.9,-126.6,-124.2,-121.4,-119.1,-113.4,-109.2,-121.4,-123.7,-124.1,-133.3
113.1E6,-82.66,-66.92,-82.78,-87.31,-82.38,-93.68,-88.46,-88.36,-90.45,-78.21,-93.72
113.3E6,-129.1,-124.8,-125.0,-120.6,-118.5,-113.6,-108.4,-120.6,-122.3,-124.0,-142.5
113.5E6,-84.93,-85.90,-98.02,-97.98,-84.22,-89.71,-83.51,-87.21,-85.47,-83.95,-84.22
113.7E6,-130.4,-131.6,-124.0,-121.4,-118.2,-113.6,-107.6,-120.2,-124.9,-124.2,-143.3
113.9E6,-91.03,-86.76,-90.31,-92.15,-83.37,-84.17,-80.45,-85.36,-88.28,-93.65,-92.66
114.1E6,-127.8,-128.9,-125.5,-121.0,-118.7,-113.4,-108.4,-120.3,-123.2,-123.1,-141.6
114.3E6,-84.34,-91.33,-87.81,-84.62,-80.85,-88.60,-76.60,-88.48,-90.51,-83.32,-86.61
114.5E6,-134.1,-131.3,-125.3,-121.0,-118.3,-114.0,-107.2,-120.6,-123.0,-124.2,-146.2
114.6E6,-87.45,-87.89,-87.34,-92.31,-86.87,-92.04,-85.42,-79.72,-81.86,-86.10,-83.56
114.8E6,-133.1,-128.0,-125.3,-118.7,-121.8,-113.8,-106.0,-120.7,-123.4,-127.5,-136.5
115.0E6,-94.90,-115.7,-83.09,-81.03,-85.33,-86.77,-85.18,-84.53,-80.54,-76.84,-79.05
115.2E6,-138.1,-130.7,-113.8,-122.1,-118.9,-114.1,-105.5,-119.5,-122.7,-125.3,-134.2
115.4E6,-91.43,-83.36,-86.83,-80.15,-88.34,-96.41,-88.96,-80.04,-92.05,-82.85,-101.0
115.6E6,-124.0,-130.0,-126.4,-121.6,-118.9,-114.4,-104.9,-120.6,-122.5,-124.3,-129.7
115.8E6,-85.46,-86.66,-86.64,-88.89,-83.70,-91.94,-87.80,-81.29,-97.46,-85.08,-94.63
116.0E6,-129.3,-132.1,-125.1,-122.3,-118.7,-114.5,-103.6,-120.3,-121.1,-116.2,-137.6
116.2E6,-90.59,-91.66,-95.96,-85.53,-84.34,-82.19,-83.00,-83.53,-91.30,-81.35,-69.87
116.4E6,-129.8,-128.2,-124.2,-120.8,-118.7,-114.9,-102.9,-120.0,-126.4,-123.5,-120.1
116.6E6,-90.89,-91.06,-90.19,-83.35,-85.80,-82.64,-79.78,-85.60,-88.76,-83.80,-96.87
116.8E6,-114.8,-130.8,-126.0,-122.0,-119.0,-114.2,-101.8,-120.2,-123.0,-124.8,-151.4
117.0E6,-86.14,-87.93,-92.81,-69.64,-94.37,-89.16,-75.35,-88.85,-80.06,-87.79,-89.13
117.2E6,-134.3,-128.6,-124.0,-121.6,-118.3,-114.6,-100.2,-120.3,-122.8,-120.3,-131.8
117.4E6,-92.79,-88.14,-84.32,-80.92,-90.08,-76.50,-83.09,-82.35,-81.65,-85.47,-87.44
117.6E6,-132.6,-129.8,-124.8,-121.8,-118.5,-114.9,-98.87,-119.6,-123.4,-123.3,-135.3
117.8E6,-82.54,-84.44,-86.96,-97.27,-86.50,-92.23,-85.05,-84.79,-79.80,-91.81,-82.24
118.0E6,-153.1,-129.6,-126.2,-122.4,-119.3,-114.8,-97.02,-121.1,-123.1,-124.6,-136.1
118.2E6,-87.75,-95.36,-86.28,-85.89,-88.06,-83.06,-90.70,-84.54,-84.38,-82.47,-86.55
118.4E6,-130.5,-128.8,-117.8,-121.1,-119.2,-115.0,-94.74,-120.7,-124.6,-124.5,-134.4
118.6E6,-78.38,-80.28,-88.89,-79.91,-87.14,-93.19,-91.63,-77.01,-89.95,-84.40,-97.99
118.8E6,-129.7,-127.1,-124.1,-122.1,-119.1,-115.2,-91.86,-118.1,-121.6,-124.9,-139.7
118.9E6,-84.24,-80.94,-89.63,-87.37,-84.57,-84.63,-82.81,-83.10,-89.47,-97.45,-83.10
119.1E6,-127.4,-132.1,-125.3,-123.9,-118.9,-114.8,-87.58,-118.3,-120.7,-122.7,-135.7
119.3E6,-89.69,-85.62,-83.48,-88.06,-90.07,-88.68,-91.59,-95.61,-96.24,-87.90,-80.74
119.5E6,-135.9,-128.7,-125.4,-122.8,-119.3,-115.5,-77.77,-118.6,-122.5,-125.8,-147.2
119.7E6,-84.20,-91.08,-103.3,-82.57,-84.55,-85.79,-7.308,-88.77,-102.4,-91.43,-83.96
119.9E6,-134.2,-131.8,-124.5,-121.8,-119.1,-115.2,-77.72,-118.6,-122.4,-125.1,-126.4
120.1E6,-88.65,-91.89,-91.18,-83.71,-84.48,-83.66,-80.52,-88.81,-89.42,-83.86,-77.59
120.3E6,-134.7,-129.1,-126.2,-122.6,-119.6,-115.8,-87.50,-118.9,-122.3,-113.0,-124.6
120.5E6,-87.74,-85.58,-78.67,-79.47,-88.61,-91.62,-77.73,-85.75,-95.68,-79.76,-72.02
120.7E6,-122.8,-130.3,-124.5,-123.3,-119.5,-116.1,-91.78,-118.3,-123.3,-122.9,-129.7
120.9E6,-85.57,-93.48,-79.53,-90.56,-84.67,-89.46,-90.25,-83.89,-77.04,-71.62,-80.96
121.1E6,-130.3,-128.3,-123.6,-122.4,-119.3,-115.9,-94.61,-117.3,-121.4,-124.7,-134.7
121.3E6,-90.18,-85.21,-85.15,-88.93,-85.26,-84.71,-88.13,-88.09,-94.35,-75.90,-85.81
121.5E6,-129.6,-129.8,-142.2,-122.1,-119.4,-115.7,-96.83,-101.0,-121.9,-120.6,-128.8
121.7E6,-78.83,-84.51,-77.01,-81.48,-90.38,-88.90,-82.79,-82.69,-82.93,-92.81,-82.74
121.9E6,-115.0,-130.7,-126.0,-122.2,-120.1,-116.1,-98.55,-117.6,-121.8,-123.9,-132.5
122.1E6,-95.91,-113.2,-96.37,-91.53,-80.17,-81.68,-81.72,-87.59,-83.44,-100.5,-76.99
122.3E6,-130.8,-132.2,-124.0,-108.1,-120.0,-116.0,-99.84,-118.0,-121.6,-123.0,-141.7
122.5E6,-91.21,-78.58,-82.06,-80.52,-93.04,-86.05,-72.90,-84.84,-76.87,-89.90,-87.56
122.7E6,-134.2,-129.1,-122.7,-121.5,-119.9,-116.0,-101.0,-117.7,-122.3,-124.3,-139.3
122.9E6,-81.70,-86.44,-74.45,-85.88,-83.81,-90.81,-91.40,-84.00,-105.6,-83.88,-80.60
123.0E6,-130.9,-131.3,-125.2,-122.9,-119.8,-116.4,-102.6,-117.4,-123.0,-125.4,-130.4
123.2E6,-101.9,-89.83,-90.12,-88.61,-83.45,-85.75,-92.36,-90.58,-84.48,-90.99,-88.70
123.4E6,-129.2,-130.0,-123.0,-121.7,-120.1,-116.1,-103.2,-117.3,-122.8,-124.1,-132.0
123.6E6,-81.98,-91.85,-82.76,-88.10,-91.91,-80.01,-89.57,-88.66,-95.87,-88.37,-92.99
123.8E6,-130.8,-132.4,-121.8,-122.9,-125.4,-116.7,-104.5,-117.3,-124.8,-123.6,-130.0
124.0E6,-84.36,-89.82,-83.97,-83.02,-81.55,-98.40,-85.25,-83.41,-100.4,-86.74,-82.70
124.2E6,-130.0,-122.2,-120.0,-122.0,-120.0,-116.5,-104.9,-116.0,-122.6,-125.6,-134.1
124.4E6,-92.26,-86.92,-83.92,-84.82,-83.33,-82.46,-87.17,-78.63,-87.44,-91.57,-82.26
124.6E6,-131.7,-131.4,-111.2,-122.8,-120.5,-116.0,-105.4,-117.0,-121.7,-135.2,-117.6
124.8E6,-88.87,-85.18,-49.31,-90.74,-81.20,-90.07,-86.70,-95.42,-80.56,-88.43,-70.05
125.0E6,-133.2,-129.7,-112.8,-121.6,-120.0,-116.4,-106.6,-116.3,-121.8,-125.9,-143.1
125.2E6,-88.22,-83.82,-78.52,-91.90,-97.23,-84.63,-76.25,-80.85,-87.66,-61.02,-84.12
125.4E6,-133.5,-131.9,-123.3,-122.6,-120.6,-117.0,-107.2,-116.8,-121.6,-121.1,-142.4
125.6E6,-82.05,-95.29,-90.16,-78.94,-84.78,-82.44,-86.82,-81.69,-82.28,-83.89,-87.61
125.8E6,-124.8,-129.5,-126.6,-122.7,-121.9,-116.9,-107.4,-116.4,-122.6,-123.6,-134.3
126.0E6,-90.82,-87.82,-83.30,-100.9,-86.48,-85.55,-81.56,-87.09,-83.91,-81.45,-86.11
126.2E6,-133.0,-133.0,-126.4,-122.5,-119.8,-117.3,-107.7,-116.6,-117.7,-122.0,-137.1
126.4E6,-87.12,-96.07,-83.20,-82.61,-81.00,-100.1,-87.03,-82.05,-80.53,-87.50,-78.35
126.6E6,-130.6,-129.2,-128.8,-123.9,-120.5,-117.8,-108.4,-116.5,-121.6,-122.8,-145.6
126.8E6,-83.98,-91.86,-74.72,-88.31,-83.91,-79.61,-97.47,-82.46,-86.62,-90.28,-85.18
127.0E6,-117.5,-123.3,-126.4,-122.0,-121.5,-115.9,-108.6,-115.7,-120.8,-123.6,-137.8
127.1E6,-90.84,-84.17,-89.35,-86.70,-78.92,-86.50,-84.73,-85.00,-78.65,-80.69,-95.41
127.3E6,-130.4,-130.8,-127.7,-123.3,-120.4,-117.5,-109.2,-113.1,-121.1,-123.8,-143.6
127.5E6,-82.45,-82.05,-96.23,-75.75,-89.04,-84.62,-99.27,-78.63,-88.48,-84.59,-83.58
127.7E6,-130.9,-131.4,-127.8,-122.3,-121.2,-117.4,-110.0,-116.0,-121.2,-126.5,-139.3
127.9E6,-96.38,-80.40,-74.69,-80.92,-75.82,-90.82,-78.05,-88.46,-97.28,-97.48,-88.45
128.1E6,-129.3,-129.4,-136.4,-123.5,-123.6,-118.1,-109.9,-114.9,-120.6,-122.6,-135.1
128.3E6,-91.18,-95.56,-90.93,-98.87,-87.53,-82.26,-84.51,-78.76,-86.94,-84.80,-106.9
128.5E6,-130.4,-132.9,-127.5,-122.6,-120.4,-118.1,-110.4,-115.2,-116.5,-123.3,-134.4
128.7E6,-86.06,-83.06,-86.75,-83.85,-79.74,-83.16,-85.05,-87.46,-94.45,-85.29,-80.50
128.9E6,-134.8,-129.1,-127.4,-123.5,-120.8,-118.1,-110.8,-114.8,-122.8,-123.5,-114.8
129.1E6,-81.63,-95.42,-79.50,-90.92,-94.25,-80.17,-86.64,-87.75,-95.18,-97.99,-74.47
129.3E6,-131.2,-140.6,-128.7,-122.8,-120.6,-117.5,-110.9,-114.2,-121.6,-123.0,-131.8
129.5E6,-92.28,-86.96,-84.01,-80.53,-82.77,-104.8,-85.51,-85.55,-83.07,-77.18,-83.52
129.7E6,-128.0,-120.1,-127.1,-123.6,-121.4,-117.5,-111.1,-113.7,-121.4,-121.9,-125.6
129.9E6,-80.44,-86.06,-102.2,-90.90,-98.20,-86.80,-99.72,-85.77,-84.65,-89.18,-83.63
130.1E6,-130.1,-128.4,-127.7,-123.5,-119.8,-117.4,-111.3,-114.4,-120.8,-125.8,-153.8
130.3E6,-88.23,-86.39,-87.38,-80.21,-86.67,-93.34,-84.01,-86.17,-85.75,-81.54,-81.93
130.5E6,-130.6,-131.0,-128.1,-122.6,-121.4,-117.7,-112.0,-113.5,-120.4,-122.4,-143.5
130.7E6,-87.44,-78.51,-79.54,-87.58,-79.07,-87.50,-82.23,-90.04,-95.93,-84.63,-81.58
130.9E6,-127.2,-130.5,-128.3,-123.7,-120.3,-117.7,-111.7,-113.4,-119.5,-123.4,-131.4
131.1E6,-85.07,-87.19,-83.78,-88.05,-93.34,-97.08,-94.48,-92.12,-96.90,-93.60,-86.20
131.3E6,-135.6,-130.3,-131.6,-121.1,-121.5,-117.8,-112.5,-112.4,-121.3,-122.1,-134.9
131.4E6,-85.38,-79.95,-87.96,-88.14,-79.11,-89.13,-86.52,-87.89,-92.67,-86.27,-106.6
131.6E6,-135.5,-133.2,-127.9,-123.4,-120.9,-117.9,-112.2,-112.2,-120.3,-122.4,-135.5
131.8E6,-92.75,-90.52,-107.2,-85.44,-90.58,-93.26,-101.6,-84.20,-79.91,-81.41,-78.76
132.0E6,-119.9,-129.6,-127.3,-122.9,-120.7,-118.2,-112.6,-111.8,-121.3,-122.6,-138.4
132.2E6,-85.25,-83.46,-90.32,-88.61,-84.13,-84.13,-87.00,-80.63,-82.92,-88.48,-94.44
132.4E6,-129.3,-107.0,-128.0,-123.5,-119.9,-117.7,-113.0,-111.0,-120.1,-120.8,-134.3
132.6E6,-92.13,-82.46,-110.0,-82.76,-89.35,-85.10,-83.14,-84.77,-82.07,-86.34,-87.27
132.8E6,-130.3,-135.5,-127.6,-117.8,-122.2,-118.1,-113.7,-110.8,-120.4,-121.1,-139.0
133.0E6,-83.04,-78.82,-86.42,-79.07,-84.33,-87.63,-86.27,-97.36,-79.16,-88.38,-79.75
133.2E6,-132.4,-130.6,-127.7,-123.0,-121.7,-117.3,-113.3,-109.1,-120.1,-119.9,-135.8
133.4E6,-119.5,-87.31,-100.4,-83.86,-82.32,-93.75,-101.8,-86.05,-107.7,-89.40,-76.85
133.6E6,-136.9,-130.6,-127.5,-123.1,-121.9,-118.5,-113.9,-109.7,-119.6,-120.3,-126.7
133.8E6,-81.67,-89.43,-80.93,-85.97,-88.36,-82.30,-80.09,-82.81,-87.80,-84.74,-90.78
134.0E6,-136.5,-132.5,-127.3,-122.8,-120.9,-118.0,-113.1,-109.2,-119.4,-119.8,-135.4
134.2E6,-85.58,-83.33,-83.73,-77.24,-81.48,-94.75,-82.95,-86.61,-103.5,-81.31,-84.10
134.4E6,-134.7,-130.0,-129.7,-118.9,-124.0,-118.6,-113.8,-108.4,-120.0,-116.6,-127.6
134.6E6,-85.16,-81.13,-84.93,-87.06,-82.40,-99.31,-96.84,-96.86,-70.56,-83.99,-83.84
134.8E6,-127.8,-134.1,-127.2,-123.3,-121.1,-118.5,-114.0,-107.9,-119.7,-112.5,-133.5
135.0E6,-88.00,-80.47,-96.27,-83.83,-85.79,-102.4,-107.9,-87.03,-79.60,-46.70,-92.66
135.2E6,-130.1,-107.1,-128.1,-123.9,-123.8,-118.8,-114.2,-106.6,-119.3,-114.5,-134.4
135.4E6,-85.02,-83.19,-86.88,-88.40,-79.81,-83.52,-79.17,-81.56,-79.81,-81.43,-85.75
135.5E6,-129.3,-128.2,-127.5,-122.8,-121.4,-119.5,-115.0,-106.0,-118.1,-124.2,-144.8
135.7E6,-85.91,-89.12,-83.87,-90.33,-79.35,-89.69,-86.08,-83.17,-88.42,-98.02,-89.97
135.9E6,-130.1,-133.1,-128.5,-120.9,-122.3,-119.0,-113.3,-105.0,-119.8,-123.1,-134.7
136.1E6,-84.01,-78.27,-92.33,-86.87,-86.49,-83.00,-88.38,-84.43,-84.57,-87.89,-82.68
136.3E6,-138.4,-130.0,-127.9,-123.6,-123.4,-119.7,-114.6,-103.1,-119.6,-124.1,-128.5
136.5E6,-97.83,-83.72,-75.63,-91.45,-88.66,-99.58,-86.25,-82.21,-89.74,-85.88,-81.39
136.7E6,-136.4,-131.5,-127.8,-124.2,-121.9,-118.9,-114.6,-103.6,-119.3,-120.9,-134.3
136.9E6,-98.53,-96.50,-88.87,-80.37,-91.88,-93.62,-85.70,-87.96,-71.61,-81.39,-82.21
137.1E6,-129.7,-131.4,-127.8,-123.2,-119.3,-118.8,-114.9,-101.6,-118.6,-122.5,-130.2
137.3E6,-93.34,-88.53,-97.22,-86.20,-80.72,-95.30,-89.76,-85.38,-84.85,-84.21,-81.47
137.5E6,-128.6,-130.0,-122.2,-123.2,-122.4,-118.9,-114.9,-99.69,-120.1,-121.9,-126.3
137.7E6,-93.11,-83.34,-89.33,-86.36,-83.36,-83.31,-87.14,-85.05,-84.56,-99.74,-80.44
137.9E6,-130.4,-134.9,-126.1,-124.0,-123.2,-118.8,-115.2,-97.24,-118.8,-123.6,-131.7
138.1E6,-93.83,-82.87,-106.3,-79.93,-75.12,-105.5,-82.50,-82.26,-105.4,-90.31,-84.82
138.3E6,-129.0,-139.2,-127.4,-123.6,-122.4,-119.4,-116.0,-94.16,-119.4,-122.7,-131.8
138.5E6,-87.89,-96.75,-103.0,-83.32,-81.94,-86.66,-85.14,-89.85,-91.20,-91.75,-82.81
138.7E6,-137.5,-130.7,-127.3,-123.9,-121.8,-118.8,-113.7,-90.05,-119.0,-121.4,-133.3
138.9E6,-85.30,-84.42,-84.59,-89.60,-97.03,-92.58,-87.41,-77.42,-102.5,-86.33,-84.32
139.1E6,-134.7,-132.5,-128.0,-124.4,-124.6,-119.3,-114.8,-80.24,-119.3,-122.7,-132.6
139.3E6,-82.99,-93.31,-97.65,-85.93,-83.75,-91.01,-84.31,-7.789,-85.19,-79.68,-93.34
139.5E6,-134.1,-131.7,-128.5,-123.1,-119.7,-119.4,-115.8,-80.22,-118.1,-123.2,-131.2
139.6E6,-91.27,-82.48,-88.62,-79.24,-87.99,-87.42,-79.60,-80.09,-98.62,-83.50,-85.43
139.8E6,-128.5,-130.7,-127.0,-123.9,-122.4,-119.4,-116.0,-90.05,-118.1,-103.4,-132.2
140.0E6,-82.04,-83.04,-86.50,-98.10,-82.22,-95.06,-90.41,-79.17,-90.32,-88.81,-93.42
140.2E6,-129.9,-132.8,-127.9,-125.7,-122.1,-119.5,-116.0,-94.13,-118.6,-121.4,-129.3
140.4E6,-83.55,-91.76,-94.05,-93.64,-89.28,-95.29,-80.71,-89.10,-90.90,-78.31,-93.94
140.6E6,-130.5,-119.1,-128.0,-124.6,-121.5,-119.6,-116.1,-97.21,-117.8,-123.9,-136.7
140.8E6,-82.18,-90.66,-77.41,-84.84,-82.63,-81.92,-86.10,-89.92,-95.94,-86.67,-90.49
141.0E6,-129.6,-128.4,-126.6,-124.2,-123.2,-119.9,-115.7,-99.62,-118.9,-121.9,-148.6
141.2E6,-95.27,-88.10,-90.44,-86.81,-94.37,-90.60,-86.48,-88.83,-86.06,-84.94,-79.73
141.4E6,-136.0,-135.4,-128.0,-123.9,-119.8,-119.6,-117.6,-101.5,-117.8,-122.4,-119.6
141.6E6,-88.55,-83.21,-96.67,-87.31,-94.46,-82.50,-83.08,-89.49,-88.71,-98.22,-83.89
141.8E6,-133.5,-130.2,-128.3,-123.8,-123.0,-120.2,-116.2,-103.7,-117.9,-120.6,-123.3
142.0E6,-80.39,-87.93,-93.64,-85.64,-85.63,-82.15,-86.79,-82.72,-87.34,-91.11,-78.25
142.2E6,-128.2,-132.0,-128.3,-124.1,-121.3,-120.0,-116.7,-103.0,-117.8,-123.0,-121.0
142.4E6,-89.49,-81.93,-103.6,-90.21,-83.55,-99.26,-83.22,-86.72,-83.86,-82.77,-81.70
142.6E6,-131.9,-131.5,-128.2,-124.5,-122.4,-120.6,-116.2,-104.9,-118.4,-122.3,-130.3
142.8E6,-87.65,-91.69,-90.11,-82.33,-85.08,-85.58,-93.03,-93.46,-84.31,-91.38,-93.91
143.0E6,-132.4,-130.5,-128.7,-124.4,-122.9,-119.6,-116.4,-105.7,-123.9,-123.7,-127.9
143.2E6,-80.44,-86.63,-88.62,-83.81,-88.87,-81.76,-80.36,-80.89,-98.86,-97.82,-90.61
143.4E6,-128.2,-128.6,-128.4,-119.0,-120.4,-119.7,-116.7,-106.4,-117.2,-121.9,-137.7
143.6E6,-89.88,-83.01,-105.1,-87.11,-94.89,-74.92,-86.55,-89.07,-94.86,-85.27,-78.97
143.8E6,-131.9,-134.3,-126.8,-123.4,-122.8,-120.2,-115.9,-107.6,-116.9,-122.2,-135.4
143.9E6,-86.49,-91.88,-91.14,-84.57,-85.69,-85.30,-97.41,-90.53,-91.59,-84.37,-85.56
144.1E6,-135.0,-130.1,-130.6,-124.9,-123.2,-120.9,-117.6,-107.9,-117.3,-121.2,-132.9
144.3E6,-96.21,-95.79,-104.4,-86.51,-87.89,-79.53,-84.89,-86.49,-94.06,-93.75,-87.68
144.5E6,-128.1,-133.6,-129.0,-124.5,-123.4,-119.7,-117.3,-109.0,-117.0,-121.6,-137.0
144.7E6,-79.02,-92.40,-83.44,-78.04,-69.26,-91.97,-84.80,-89.39,-95.90,-74.92,-81.57
144.9E6,-134.3,-131.0,-128.7,-123.3,-121.8,-120.0,-117.1,-109.4,-116.2,-122.1,-132.3
145.1E6,-95.15,-86.49,-88.73,-84.06,-92.91,-79.28,-83.87,-76.56,-84.93,-82.07,-81.86
145.3E6,-131.6,-132.2,-128.7,-123.9,-122.3,-120.4,-116.9,-110.1,-118.9,-123.9,-130.2
145.5E6,-87.07,-82.26,-98.50,-84.97,-81.18,-82.25,-103.0,-85.01,-94.66,-87.37,-81.21
145.7E6,-132.7,-131.7,-128.7,-124.8,-122.2,-120.5,-117.0,-110.5,-115.4,-121.5,-129.5
145.9E6,-87.40,-83.95,-103.7,-84.35,-89.97,-83.79,-80.09,-83.21,-90.72,-85.57,-87.32
146.1E6,-123.1,-124.7,-129.3,-124.7,-123.2,-120.6,-117.3,-111.0,-115.8,-121.8,-145.3
146.3E6,-82.56,-78.12,-83.79,-95.27,-83.43,-99.13,-90.30,-84.04,-86.37,-84.77,-70.65
146.5E6,-131.6,-126.7,-128.7,-122.8,-125.2,-121.2,-117.4,-111.5,-115.3,-120.6,-116.7
146.7E6,-91.16,-90.69,-83.10,-86.08,-93.71,-93.40,-84.81,-90.28,-67.12,-84.18,-87.07
146.9E6,-131.0,-132.8,-127.8,-125.0,-123.1,-120.6,-117.6,-111.9,-116.5,-122.5,-143.3
147.1E6,-86.75,-83.69,-90.23,-82.15,-88.78,-79.93,-86.44,-85.51,-84.72,-84.27,-79.80
147.3E6,-118.0,-130.8,-121.5,-123.5,-122.7,-120.5,-118.0,-112.2,-115.2,-123.0,-134.9
147.5E6,-96.73,-102.5,-83.72,-82.86,-84.59,-78.50,-93.43,-95.02,-78.36,-86.15,-84.67
147.7E6,-134.6,-133.2,-128.2,-123.9,-124.9,-120.6,-117.9,-113.1,-114.4,-121.1,-132.5
147.9E6,-90.62,-89.00,-96.31,-89.39,-87.63,-80.84,-94.77,-84.66,-91.37,-85.21,-80.97
148.0E6,-134.0,-130.0,-127.7,-123.2,-109.5,-120.5,-117.0,-113.1,-116.7,-120.5,-132.5
148.2E6,-87.53,-90.44,-83.60,-84.87,-93.76,-81.65,-93.24,-86.44,-90.91,-80.82,-91.12
148.4E6,-132.0,-132.9,-128.9,-125.6,-124.0,-120.9,-117.7,-112.9,-114.9,-121.8,-138.4
148.6E6,-81.98,-88.78,-93.44,-86.64,-86.81,-89.08,-81.31,-83.29,-95.03,-84.21,-94.60
148.8E6,-130.5,-134.2,-129.4,-124.0,-123.6,-120.2,-117.7,-113.6,-115.4,-121.5,-139.5
149.0E6,-83.02,-84.40,-90.63,-86.56,-86.12,-88.52,-80.07,-80.67,-76.70,-73.21,-81.93
149.2E6,-132.3,-133.9,-128.6,-124.7,-124.4,-120.6,-118.0,-113.9,-114.2,-120.6,-135.6
149.4E6,-80.00,-98.35,-79.02,-84.96,-99.35,-79.34,-85.72,-89.57,-83.54,-84.76,-85.67
149.6E6,-128.7,-130.5,-128.1,-123.9,-123.8,-121.0,-118.8,-114.4,-113.4,-119.4,-130.3
149.8E6,-94.12,-86.75,-97.58,-84.84,-84.77,-86.42,-89.18,-93.04,-88.60,-94.76,-90.41
150.0E6,-137.6,-133.5,-128.8,-124.7,-123.8,-120.5,-119.5,-114.7,-113.1,-121.4,-130.1
150.2E6,-85.71,-98.96,-93.61,-73.63,-92.64,-87.71,-83.97,-91.31,-90.87,-81.85,-98.02
150.4E6,-137.9,-130.7,-105.6,-125.4,-122.1,-121.0,-117.9,-114.6,-117.0,-121.8,-139.6
150.6E6,-101.4,-88.92,-87.98,-81.50,-82.53,-80.86,-90.39,-79.00,-93.44,-82.97,-81.55
150.8E6,-136.8,-132.9,-125.2,-124.7,-123.1,-120.6,-118.0,-115.3,-113.0,-120.4,-124.8
151.0E6,-104.0,-86.48,-83.65,-92.19,-90.28,-85.44,-92.73,-78.84,-82.24,-86.37,-82.26
151.2E6,-119.3,-129.5,-129.2,-128.3,-125.3,-120.1,-118.4,-114.4,-112.7,-120.6,-126.2
151.4E6,-83.28,-94.61,-88.55,-81.61,-68.27,-86.24,-81.72,-86.76,-83.75,-85.03,-85.08
151.6E6,-130.9,-129.3,-128.8,-123.6,-124.0,-120.6,-118.3,-115.7,-111.8,-121.6,-134.8
151.8E6,-89.34,-74.57,-94.23,-113.2,-83.17,-86.32,-81.13,-82.51,-93.42,-93.59,-111.3
152.0E6,-130.8,-130.4,-127.8,-125.5,-123.0,-120.8,-118.6,-115.7,-111.7,-118.6,-132.1
152.1E6,-97.94,-82.09,-95.09,-104.7,-85.81,-79.81,-85.15,-99.36,-86.95,-91.58,-80.95
152.3E6,-116.7,-135.8,-129.2,-124.8,-124.5,-120.9,-113.2,-116.0,-110.6,-119.9,-133.5
152.5E6,-86.67,-82.60,-88.24,-92.59,-93.36,-93.65,-82.95,-90.19,-95.02,-85.12,-94.64
152.7E6,-139.0,-131.3,-127.7,-126.4,-122.0,-121.8,-118.9,-115.8,-109.5,-120.1,-134.5
152.9E6,-103.6,-84.84,-100.9,-86.33,-79.48,-83.60,-82.63,-81.14,-95.16,-85.21,-98.60
153.1E6,-138.0,-134.0,-128.3,-124.7,-124.3,-121.4,-118.2,-116.0,-109.9,-120.3,-129.6
153.3E6,-82.29,-86.25,-89.57,-86.10,-84.21,-86.22,-79.10,-81.70,-88.92,-95.45,-86.03
153.5E6,-143.4,-130.7,-126.5,-125.3,-123.0,-120.8,-118.9,-115.6,-109.7,-120.4,-130.1
153.7E6,-91.83,-88.74,-88.78,-85.76,-85.38,-79.00,-86.47,-86.16,-83.70,-99.20,-87.76
153.9E6,-130.7,-133.7,-133.4,-124.6,-124.1,-121.4,-119.0,-116.2,-109.0,-117.4,-132.1
154.1E6,-80.31,-83.91,-87.58,-89.28,-93.85,-92.28,-91.94,-73.37,-79.62,-86.01,-83.31
154.3E6,-130.9,-130.6,-127.3,-125.0,-125.3,-121.9,-119.0,-117.8,-108.0,-120.6,-133.4
154.5E6,-104.6,-69.31,-90.83,-82.80,-87.98,-89.81,-85.49,-85.16,-82.91,-84.17,-93.92
154.7E6,-129.3,-128.8,-128.3,-125.7,-113.0,-121.5,-118.9,-118.1,-107.5,-120.8,-113.4
154.9E6,-91.05,-83.05,-87.05,-106.5,-90.12,-77.41,-105.3,-84.31,-79.86,-81.14,-68.79
155.1E6,-141.5,-131.8,-128.8,-124.4,-124.3,-122.3,-109.6,-116.7,-106.3,-117.8,-121.0
155.3E6,-94.71,-83.20,-84.37,-96.79,-88.89,-80.56,-92.69,-94.75,-83.37,-85.53,-85.23
155.5E6,-135.4,-135.6,-127.6,-124.0,-124.8,-121.5,-118.2,-117.4,-105.7,-119.4,-127.2
155.7E6,-101.5,-90.53,-82.21,-81.44,-101.0,-99.01,-88.69,-87.27,-89.61,-96.66,-103.1
155.9E6,-136.8,-131.1,-129.7,-124.6,-124.4,-120.6,-118.8,-117.9,-104.3,-120.5,-127.2
156.1E6,-98.03,-86.10,-82.83,-89.37,-84.89,-91.23,-93.98,-83.51,-85.65,-102.8,-82.38
156.3E6,-117.8,-135.0,-128.6,-126.1,-124.8,-121.8,-119.0,-117.5,-103.4,-117.5,-125.0
156.4E6,-92.59,-80.49,-94.10,-84.28,-94.47,-89.57,-83.43,-88.18,-107.4,-91.74,-81.04
156.6E6,-131.9,-130.4,-123.2,-124.6,-125.4,-121.2,-119.5,-117.1,-101.7,-119.6,-145.9
156.8E6,-87.53,-89.74,-72.86,-87.26,-90.34,-89.03,-84.49,-81.22,-89.24,-85.03,-86.66
157.0E6,-131.1,-130.4,-125.6,-124.7,-123.6,-121.6,-119.3,-113.4,-100.7,-119.1,-128.0
157.2E6,-90.59,-65.58,-83.96,-93.87,-82.49,-87.73,-83.24,-87.89,-85.06,-93.13,-88.12
157.4E6,-120.9,-129.1,-135.2,-124.8,-121.8,-122.1,-119.0,-117.7,-97.34,-120.1,-130.6
157.6E6,-83.61,-84.80,-87.60,-80.83,-79.58,-88.78,-82.49,-85.59,-94.44,-85.53,-84.63
157.8E6,-136.8,-131.8,-128.6,-125.9,-110.8,-121.5,-120.1,-117.7,-95.01,-119.4,-139.7
158.0E6,-86.82,-93.25,-88.43,-94.37,-47.99,-90.17,-86.84,-83.73,-82.37,-84.51,-84.78
158.2E6,-136.4,-132.3,-128.4,-125.7,-109.2,-122.1,-118.2,-118.6,-90.86,-119.5,-124.0
158.4E6,-82.80,-88.50,-91.77,-93.58,-89.35,-98.24,-93.18,-88.73,-89.45,-84.11,-88.74
158.6E6,-136.2,-133.6,-130.1,-127.0,-116.6,-122.0,-119.5,-118.2,-81.75,-118.5,-126.9
158.8E6,-89.74,-102.1,-91.74,-83.77,-80.59,-92.86,-82.83,-89.34,-8.352,-73.87,-86.93
159.0E6,-130.2,-131.3,-127.8,-126.4,-120.3,-120.3,-119.6,-118.1,-81.77,-119.3,-115.0
159.2E6,-87.18,-86.37,-85.38,-80.32,-86.14,-82.76,-89.01,-87.15,-87.92,-90.54,-74.82
159.4E6,-133.1,-135.4,-128.5,-125.1,-120.3,-121.7,-119.8,-118.9,-90.97,-112.4,-121.6
159.6E6,-88.85,-93.41,-85.38,-81.54,-101.3,-87.26,-82.98,-84.81,-81.73,-82.57,-86.12
159.8E6,-130.9,-131.2,-128.5,-127.9,-121.3,-121.9,-119.6,-119.7,-95.16,-118.0,-124.2
160.0E6,-89.06,-82.42,-74.07,-105.8,-85.99,-104.0,-88.17,-79.37,-87.86,-84.94,-91.21
160.2E6,-129.0,-127.5,-136.8,-127.3,-122.0,-121.9,-119.0,-119.1,-97.46,-119.2,-131.9
160.4E6,-87.62,-92.13,-84.98,-85.32,-86.06,-96.15,-85.91,-79.96,-84.50,-88.51,-91.85
160.5E6,-132.7,-131.6,-127.0,-128.1,-122.0,-123.0,-101.2,-117.7,-100.9,-119.0,-132.7
160.7E6,-90.96,-87.35,-89.51,-66.78,-87.06,-86.69,-84.73,-88.80,-84.60,-79.25,-84.26
160.9E6,-136.8,-132.3,-130.6,-122.6,-123.7,-122.2,-119.3,-118.9,-102.0,-118.2,-125.8
161.1E6,-87.59,-88.13,-98.00,-100.9,-86.93,-82.58,-88.51,-82.39,-78.47,-83.50,-82.92
161.3E6,-120.2,-131.4,-129.7,-126.2,-107.1,-121.8,-120.3,-119.0,-103.5,-117.7,-127.4
161.5E6,-90.70,-87.07,-87.77,-88.38,-83.45,-88.77,-88.94,-89.83,-91.51,-88.83,-93.88
161.7E6,-133.1,-135.1,-128.2,-125.0,-121.3,-121.1,-120.4,-118.8,-104.5,-117.4,-131.7
161.9E6,-90.96,-85.16,-90.21,-94.00,-80.93,-91.25,-93.76,-88.50,-86.56,-85.58,-79.92
162.1E6,-133.5,-130.1,-131.3,-125.3,-122.9,-121.3,-120.3,-118.5,-106.1,-118.2,-127.4
162.3E6,-83.24,-85.42,-92.63,-74.58,-84.23,-80.25,-91.31,-86.90,-88.79,-82.63,-86.91
162.5E6,-126.2,-140.5,-128.6,-125.0,-123.1,-121.5,-120.0,-119.5,-107.5,-121.1,-135.8
162.7E6,-84.52,-78.31,-82.82,-87.68,-84.44,-87.47,-95.19,-84.02,-75.47,-110.7,-86.14
162.9E6,-133.5,-136.9,-128.3,-122.6,-122.9,-121.6,-120.2,-118.4,-107.7,-117.0,-130.1
163.1E6,-88.11,-82.02,-79.48,-87.41,-84.91,-83.06,-86.75,-86.62,-83.87,-96.05,-83.35
163.3E6,-131.7,-131.4,-118.0,-124.5,-121.9,-122.5,-112.2,-119.5,-108.5,-117.5,-119.2
163.5E6,-87.89,-83.54,-87.91,-83.47,-95.81,-84.51,-94.88,-90.28,-81.75,-91.16,-74.48
163.7E6,-130.4,-134.8,-130.5,-125.2,-123.4,-120.4,-120.6,-119.7,-109.4,-115.4,-124.8
163.9E6,-80.48,-98.91,-93.82,-93.12,-97.73,-94.49,-81.39,-98.29,-79.86,-84.84,-93.34
164.1E6,-131.4,-131.6,-127.9,-126.5,-123.6,-122.8,-120.7,-119.8,-110.1,-117.1,-122.5
164.3E6,-87.13,-95.99,-80.80,-80.80,-85.66,-90.02,-82.66,-82.83,-83.27,-89.04,-87.04
164.5E6,-135.8,-132.1,-129.7,-121.5,-122.4,-121.5,-120.5,-119.4,-110.3,-116.6,-125.1
164.6E6,-80.98,-80.78,-92.38,-95.93,-67.93,-85.99,-86.78,-86.01,-106.3,-75.89,-84.59
164.8E6,-133.1,-135.4,-130.5,-125.0,-123.5,-122.5,-119.9,-119.9,-111.5,-117.6,-129.8
165.0E6,-86.77,-88.88,-94.28,-92.56,-91.60,-85.14,-79.55,-81.98,-85.10,-83.04,-96.65
165.2E6,-127.9,-128.3,-128.3,-125.2,-123.9,-122.7,-120.7,-120.0,-111.3,-117.3,-132.7
165.4E6,-104.2,-86.21,-86.57,-79.50,-89.70,-76.91,-83.95,-81.89,-82.54,-85.07,-88.86
165.6E6,-132.2,-124.7,-130.4,-125.9,-124.5,-122.8,-120.6,-119.1,-112.3,-117.3,-126.7
165.8E6,-101.3,-91.79,-85.07,-84.67,-88.75,-92.57,-93.22,-83.18,-84.34,-99.22,-88.93
166.0E6,-131.4,-137.1,-129.3,-117.4,-127.5,-122.5,-110.3,-119.2,-112.6,-115.8,-128.6
166.2E6,-84.04,-85.24,-80.97,-81.60,-85.83,-90.89,-87.46,-85.07,-90.45,-84.62,-83.60
166.4E6,-134.9,-132.1,-105.2,-125.4,-124.6,-123.2,-121.0,-119.7,-113.4,-117.0,-123.4
166.6E6,-93.27,-82.43,-83.53,-85.16,-82.64,-83.92,-85.01,-84.20,-78.07,-84.14,-89.11
166.8E6,-135.9,-132.3,-127.2,-125.5,-124.0,-122.5,-121.0,-120.5,-113.3,-116.9,-125.2
167.0E6,-86.63,-97.76,-94.79,-83.04,-81.48,-80.82,-82.96,-87.30,-86.27,-103.8,-85.16
167.2E6,-146.5,-134.5,-130.9,-124.9,-124.3,-122.8,-120.8,-120.4,-117.5,-115.7,-132.6
167.4E6,-99.55,-87.60,-84.14,-78.73,-84.95,-81.28,-90.98,-89.22,-89.10,-85.62,-82.87
167.6E6,-125.7,-131.6,-129.3,-115.8,-124.1,-124.3,-120.5,-120.3,-114.4,-115.7,-117.3
167.8E6,-93.79,-94.59,-97.77,-98.99,-88.91,-80.41,-86.68,-79.10,-80.75,-83.04,-73.44
168.0E6,-130.4,-140.4,-128.9,-126.9,-131.6,-122.5,-120.8,-120.6,-114.2,-115.1,-126.3
168.2E6,-90.28,-85.37,-90.65,-83.48,-87.10,-94.60,-89.74,-90.42,-84.29,-89.94,-90.28
168.4E6,-131.0,-124.4,-130.5,-126.5,-125.2,-126.9,-121.1,-120.0,-115.1,-115.0,-132.0
168.6E6,-82.44,-83.61,-84.24,-79.35,-84.06,-86.95,-84.72,-82.45,-87.61,-72.47,-95.54
168.8E6,-127.2,-131.2,-129.0,-124.4,-124.7,-122.8,-116.8,-120.9,-116.3,-114.5,-127.6
168.9E6,-86.55,-80.22,-84.88,-91.24,-82.62,-90.35,-85.87,-86.25,-87.68,-78.60,-108.2
169.1E6,-141.0,-135.7,-129.2,-122.9,-125.6,-122.4,-122.9,-120.1,-115.3,-115.7,-126.5
169.3E6,-82.08,-90.47,-88.26,-79.90,-83.89,-85.94,-103.1,-89.59,-82.47,-83.05,-79.38
169.5E6,-139.1,-132.7,-121.9,-125.6,-124.5,-122.4,-120.8,-120.4,-117.9,-114.1,-124.7
169.7E6,-88.47,-100.1,-87.03,-77.56,-87.19,-82.82,-81.48,-83.01,-90.72,-93.61,-88.55
169.9E6,-141.2,-133.0,-132.6,-125.6,-124.4,-121.3,-121.5,-120.4,-115.4,-114.5,-127.8
170.1E6,-86.89,-85.79,-83.36,-82.89,-89.14,-84.89,-91.34,-100.7,-85.95,-92.39,-86.26
170.3E6,-128.5,-135.2,-129.9,-126.1,-121.1,-122.8,-121.6,-121.0,-116.5,-113.7,-124.8
170.5E6,-86.77,-90.71,-103.4,-101.7,-81.37,-102.8,-92.49,-91.58,-101.3,-92.66,-84.69
170.7E6,-131.8,-129.7,-129.7,-127.1,-124.2,-122.0,-121.1,-120.7,-118.1,-113.1,-125.5
170.9E6,-90.73,-97.25,-84.67,-90.91,-84.84,-83.94,-90.51,-102.3,-66.40,-81.89,-85.86
171.1E6,-129.1,-119.5,-129.8,-126.3,-124.9,-123.1,-121.2,-120.6,-116.1,-112.6,-127.0
171.3E6,-99.67,-94.65,-87.08,-70.32,-66.95,-84.37,-88.44,-85.79,-84.65,-88.01,-91.08
171.5E6,-141.9,-144.0,-128.9,-124.7,-123.7,-120.7,-121.3,-121.2,-116.9,-111.5,-120.0
171.7E6,-97.35,-80.72,-98.52,-91.58,-87.13,-91.17,-93.80,-82.70,-87.46,-87.02,-94.90
171.9E6,-142.0,-132.2,-130.0,-128.4,-125.6,-123.0,-121.0,-120.1,-117.3,-111.4,-126.2
172.1E6,-84.31,-81.50,-83.04,-98.46,-80.95,-84.31,-83.23,-83.65,-89.98,-99.44,-82.79
172.3E6,-141.5,-133.9,-129.7,-129.7,-128.2,-121.3,-121.1,-122.9,-119.9,-112.0,-119.7
172.5E6,-83.95,-93.90,-94.45,-91.97,-99.13,-90.42,-80.33,-85.25,-90.52,-88.24,-81.89
172.7E6,-128.0,-133.3,-128.1,-124.7,-124.2,-123.7,-121.6,-121.0,-117.1,-111.0,-127.9
172.9E6,-88.38,-88.85,-89.07,-72.62,-90.50,-86.04,-91.11,-107.0,-96.81,-91.02,-87.86
173.0E6,-131.1,-133.7,-129.6,-126.3,-123.7,-123.4,-121.7,-121.4,-118.2,-110.2,-126.4
173.2E6,-87.69,-91.39,-88.29,-84.68,-86.22,-93.37,-90.76,-95.15,-75.97,-84.94,-84.65
173.4E6,-131.4,-133.4,-129.7,-127.6,-123.1,-123.4,-121.0,-122.0,-118.2,-106.8,-125.3
173.6E6,-85.51,-82.33,-81.93,-91.65,-80.61,-90.37,-84.75,-92.42,-78.66,-86.84,-79.65
173.8E6,-127.7,-120.2,-130.3,-126.0,-124.8,-123.5,-121.2,-121.2,-118.1,-108.8,-125.8
174.0E6,-95.04,-87.23,-83.44,-90.14,-83.69,-92.24,-78.99,-83.83,-83.45,-84.12,-91.82
174.2E6,-135.9,-130.4,-130.5,-126.0,-125.8,-123.5,-123.6,-121.3,-119.4,-108.8,-123.8
174.4E6,-83.55,-89.03,-86.67,-80.89,-92.26,-100.9,-83.02,-85.13,-90.96,-85.26,-88.89
174.6E6,-139.2,-137.2,-130.4,-125.9,-111.5,-123.7,-123.5,-122.6,-120.1,-107.9,-123.6
174.8E6,-88.97,-82.73,-81.58,-84.81,-91.11,-100.6,-82.12,-69.31,-85.09,-79.93,-86.05
175.0E6,-137.0,-132.2,-129.9,-124.3,-126.1,-123.6,-120.9,-122.0,-120.5,-106.6,-122.0
175.2E6,-84.97,-88.63,-87.60,-90.98,-86.24,-84.16,-87.96,-85.92,-88.58,-82.87,-82.24
175.4E6,-130.5,-136.4,-129.9,-123.1,-123.8,-124.5,-121.7,-122.1,-119.5,-105.2,-126.8
175.6E6,-89.21,-91.93,-88.47,-86.42,-77.19,-96.36,-91.20,-82.65,-85.16,-88.32,-93.88
175.8E6,-131.8,-134.3,-128.8,-126.5,-124.3,-123.4,-121.7,-122.5,-119.0,-104.6,-123.8
176.0E6,-90.20,-91.46,-77.07,-86.62,-83.43,-89.22,-83.73,-79.26,-87.96,-97.13,-86.18
176.2E6,-130.5,-132.1,-130.0,-125.1,-123.5,-125.1,-121.1,-121.5,-119.2,-103.0,-111.4
176.4E6,-92.94,-85.82,-91.16,-88.25,-82.73,-85.31,-86.33,-93.20,-85.05,-86.49,-77.65
176.6E6,-129.6,-106.6,-129.7,-120.0,-123.3,-123.7,-121.4,-121.9,-119.9,-101.3,-135.5
176.8E6,-88.05,-86.64,-98.58,-89.82,-97.46,-99.14,-85.28,-88.57,-97.38,-88.51,-85.68
177.0E6,-140.9,-138.5,-129.6,-124.5,-123.0,-122.6,-123.3,-122.2,-118.5,-99.33,-124.8
177.1E6,-89.76,-89.99,-78.08,-84.77,-88.04,-85.62,-82.75,-82.60,-101.5,-87.96,-82.90
177.3E6,-137.6,-130.8,-130.5,-125.2,-127.0,-123.4,-121.9,-122.2,-119.5,-96.89,-121.2
177.5E6,-89.03,-84.14,-105.1,-89.06,-86.02,-86.40,-85.45,-91.73,-103.2,-87.00,-97.71
177.7E6,-123.4,-137.6,-130.6,-125.0,-124.9,-122.4,-121.9,-120.7,-120.9,-91.70,-120.8
177.9E6,-92.00,-94.01,-89.87,-85.19,-76.59,-98.08,-77.29,-86.70,-84.03,-99.38,-90.15
178.1E6,-135.5,-131.9,-130.3,-116.0,-123.7,-122.7,-121.6,-121.9,-120.0,-83.97,-123.3
178.3E6,-90.45,-85.23,-78.62,-83.95,-87.78,-88.56,-94.52,-103.9,-87.60,-8.997,-90.81
178.5E6,-131.6,-134.8,-129.3,-126.0,-124.2,-129.0,-121.0,-122.3,-120.7,-84.04,-123.7
178.7E6,-88.66,-88.26,-82.93,-88.58,-80.97,-84.70,-87.13,-83.33,-93.25,-87.61,-87.23
178.9E6,-127.7,-132.7,-129.7,-124.9,-121.7,-124.3,-121.8,-122.0,-120.7,-91.87,-122.4
179.1E6,-85.57,-84.06,-94.68,-92.43,-93.81,-92.09,-91.89,-89.81,-82.21,-84.17,-82.53
179.3E6,-133.5,-106.6,-132.2,-124.8,-128.5,-126.6,-121.4,-122.1,-119.6,-97.30,-121.8
179.5E6,-97.42,-89.15,-91.84,-98.04,-89.89,-87.51,-87.76,-92.90,-85.33,-94.32,-86.80
179.7E6,-136.0,-129.9,-128.5,-121.3,-125.9,-124.5,-123.4,-122.1,-120.6,-99.83,-118.0
179.9E6,-83.17,-89.74,-82.52,-89.86,-86.45,-100.2,-87.68,-84.74,-87.14,-96.82,-82.21
180.1E6,-133.2,-135.2,-131.0,-125.4,-125.5,-125.7,-120.0,-122.8,-122.2,-101.9,-119.1
180.3E6,-90.09,-81.35,-79.99,-80.53,-83.35,-83.95,-97.00,-82.88,-78.40,-101.1,-86.04
180.5E6,-130.2,-131.7,-131.1,-123.6,-126.4,-123.2,-122.7,-122.5,-120.8,-103.7,-122.7
180.7E6,-84.32,-86.54,-90.32,-85.29,-94.77,-83.78,-78.21,-76.48,-73.95,-92.62,-77.61
180.9E6,-133.6,-136.8,-130.3,-124.0,-125.7,-125.4,-121.8,-126.4,-120.6,-105.7,-119.8
181.1E6,-95.63,-98.47,-91.92,-86.87,-88.03,-87.38,-85.84,-102.7,-95.69,-101.0,-83.40
181.3E6,-134.0,-132.0,-130.9,-121.6,-124.5,-123.5,-122.4,-122.3,-121.1,-106.3,-118.5
181.4E6,-87.84,-83.61,-91.60,-88.83,-85.27,-95.76,-84.43,-90.90,-90.15,-86.17,-92.08
181.6E6,-124.8,-134.0,-130.5,-123.2,-122.2,-122.7,-122.1,-122.7,-120.7,-107.9,-121.4
181.8E6,-84.60,-96.78,-100.3,-89.92,-83.18,-80.44,-92.82,-80.45,-87.71,-94.26,-85.05
182.0E6,-132.7,-123.1,-130.1,-121.7,-125.7,-123.6,-122.1,-122.5,-121.0,-108.3,-121.1
182.2E6,-99.57,-83.02,-92.40,-86.72,-87.15,-83.68,-93.42,-88.23,-84.76,-91.15,-88.18
182.4E6,-134.4,-134.6,-127.9,-120.6,-126.6,-121.6,-119.9,-122.9,-121.3,-110.6,-118.3
182.6E6,-101.3,-87.68,-84.43,-99.40,-91.24,-82.03,-87.71,-81.23,-86.44,-85.69,-100.4
182.8E6,-117.4,-131.3,-132.5,-117.8,-125.4,-124.0,-121.9,-123.2,-121.5,-110.5,-118.5
183.0E6,-80.78,-93.74,-92.95,-93.81,-87.87,-85.42,-109.3,-95.02,-74.04,-104.0,-88.67
183.2E6,-142.2,-135.9,-130.1,-110.2,-126.2,-123.9,-122.5,-120.9,-122.5,-105.4,-120.6
183.4E6,-92.91,-96.60,-93.64,-50.23,-100.6,-91.93,-98.25,-86.46,-90.92,-79.40,-87.76
183.6E6,-135.7,-132.1,-130.2,-112.5,-122.2,-124.0,-122.3,-120.8,-120.4,-112.5,-119.3
183.8E6,-85.38,-78.66,-100.5,-82.10,-107.1,-100.9,-89.27,-77.09,-97.41,-82.45,-82.80
184.0E6,-131.5,-138.8,-131.0,-125.4,-125.0,-124.3,-122.2,-122.2,-121.4,-113.4,-119.0
184.2E6,-86.54,-95.17,-90.80,-90.94,-87.15,-90.08,-86.30,-87.11,-83.03,-92.35,-84.14
184.4E6,-129.3,-130.0,-129.8,-131.6,-124.7,-124.4,-122.6,-122.8,-121.9,-114.5,-117.8
184.6E6,-82.62,-88.75,-81.06,-87.12,-80.88,-93.77,-90.52,-87.70,-86.13,-80.11,-93.98
184.8E6,-132.9,-120.1,-129.8,-135.8,-124.8,-125.2,-122.3,-123.4,-121.4,-113.7,-118.7
185.0E6,-87.82,-89.73,-103.5,-90.72,-86.60,-89.57,-91.86,-89.20,-92.09,-95.64,-82.15
185.2E6,-132.3,-130.8,-130.2,-134.3,-125.4,-124.6,-119.4,-122.8,-121.1,-114.0,-115.5
185.4E6,-90.05,-92.27,-86.76,-83.66,-91.04,-83.62,-87.58,-98.00,-88.31,-89.90,-94.49
185.5E6,-132.8,-134.9,-125.3,-134.5,-131.9,-122.7,-122.2,-123.0,-122.6,-115.7,-117.6
185.7E6,-89.16,-81.18,-87.30,-90.40,-90.97,-94.74,-83.73,-84.77,-81.32,-90.48,-87.58
185.9E6,-140.1,-133.5,-130.2,-130.4,-125.4,-124.4,-122.4,-123.6,-121.7,-115.6,-115.6
186.1E6,-95.92,-92.69,-87.07,-83.98,-87.43,-89.84,-94.36,-92.94,-96.12,-86.67,-97.04
186.3E6,-137.0,-137.6,-129.6,-133.1,-124.4,-126.0,-122.3,-122.3,-121.3,-116.3,-116.8
186.5E6,-80.98,-81.11,-95.37,-90.86,-90.67,-95.73,-91.20,-79.48,-85.70,-95.79,-81.21
186.7E6,-119.5,-131.9,-129.9,-129.9,-123.5,-124.2,-123.0,-124.6,-119.1,-118.1,-117.0
186.9E6,-95.02,-87.59,-94.70,-84.55,-85.78,-101.5,-89.30,-85.77,-103.1,-91.51,-96.49
187.1E6,-131.9,-136.4,-130.5,-133.6,-125.6,-139.7,-123.8,-121.5,-122.6,-117.6,-116.6
187.3E6,-93.81,-81.58,-101.3,-86.08,-95.02,-86.71,-97.05,-84.71,-101.0,-80.39,-90.47
187.5E6,-132.0,-123.8,-130.0,-129.2,-124.9,-124.4,-122.6,-122.6,-122.2,-119.1,-115.6
187.7E6,-87.06,-84.24,-87.40,-88.79,-96.47,-81.33,-75.80,-87.52,-82.40,-81.72,-83.13
187.9E6,-117.3,-131.6,-130.5,-132.5,-124.2,-126.5,-121.9,-123.2,-122.1,-118.4,-115.0
188.1E6,-83.95,-84.02,-79.56,-88.03,-79.62,-102.7,-92.59,-102.8,-85.77,-74.29,-89.73
188.3E6,-144.4,-133.0,-129.3,-128.2,-126.1,-123.7,-120.9,-122.9,-123.0,-118.8,-115.0
188.5E6,-93.08,-86.04,-93.88,-80.11,-86.24,-91.25,-87.28,-77.58,-84.04,-83.61,-91.73
188.7E6,-140.8,-137.6,-128.1,-121.2,-126.1,-124.8,-122.6,-123.0,-123.1,-119.9,-118.1
188.9E6,-83.86,-88.39,-74.84,-81.75,-80.64,-95.63,-91.36,-94.68,-85.94,-90.23,-83.93
189.1E6,-149.9,-132.2,-130.5,-129.2,-125.2,-124.1,-122.4,-124.9,-112.7,-120.5,-114.5
189.3E6,-88.08,-78.23,-91.00,-85.51,-98.00,-79.16,-87.34,-87.91,-89.01,-84.44,-79.50
189.5E6,-127.6,-139.7,-130.4,-130.3,-124.3,-121.9,-124.0,-121.4,-122.8,-119.5,-113.7
189.6E6,-80.51,-80.35,-100.6,-86.42,-87.85,-97.07,-87.86,-71.23,-88.79,-95.42,-90.59
189.8E6,-132.5,-130.1,-128.8,-129.0,-123.3,-124.3,-122.1,-124.4,-123.2,-121.4,-112.2
190.0E6,-89.81,-87.10,-81.55,-96.16,-89.22,-97.01,-89.28,-87.22,-91.57,-89.93,-90.26
190.2E6,-131.2,-128.3,-129.4,-128.0,-125.5,-119.9,-122.8,-124.6,-123.7,-122.1,-113.7
190.4E6,-88.14,-79.52,-110.9,-92.38,-85.92,-102.3,-81.37,-88.55,-80.22,-99.36,-84.21
190.6E6,-138.5,-134.9,-130.7,-128.9,-126.7,-124.4,-122.3,-124.0,-122.9,-121.6,-111.9
190.8E6,-85.12,-86.18,-113.2,-90.21,-81.25,-85.00,-93.82,-101.2,-83.88,-91.54,-82.55
191.0E6,-138.5,-133.1,-127.3,-128.5,-127.3,-124.2,-123.1,-123.9,-124.3,-123.3,-111.7
191.2E6,-94.16,-86.85,-83.47,-85.11,-76.78,-92.88,-90.39,-102.1,-80.62,-88.05,-91.96
191.4E6,-144.9,-136.4,-127.8,-127.3,-124.8,-124.4,-122.2,-124.5,-122.9,-123.1,-112.5
191.6E6,-92.40,-93.12,-83.97,-95.07,-91.64,-86.79,-109.6,-83.99,-96.66,-79.30,-95.75
191.8E6,-118.0,-137.0,-123.5,-129.6,-126.0,-122.3,-122.7,-123.4,-121.9,-121.0,-111.4
192.0E6,-81.34,-89.77,-60.42,-92.64,-78.93,-91.25,-90.60,-84.40,-85.32,-82.39,-79.97
192.2E6,-132.6,-132.1,-129.3,-130.1,-121.5,-124.8,-123.6,-124.4,-123.3,-122.1,-110.6
192.4E6,-89.34,-85.75,-82.66,-82.48,-96.92,-79.82,-79.50,-88.95,-95.43,-80.37,-86.26
192.6E6,-132.0,-138.4,-130.5,-127.5,-127.0,-122.0,-121.6,-120.3,-123.8,-122.3,-112.4
192.8E6,-92.81,-90.40,-95.37,-84.45,-91.23,-87.55,-90.51,-95.17,-87.43,-87.17,-92.57
193.0E6,-121.4,-130.6,-133.9,-129.6,-125.5,-125.2,-122.2,-124.8,-124.0,-123.5,-109.0
193.2E6,-87.67,-82.86,-95.66,-87.16,-89.98,-84.81,-77.43,-85.72,-85.96,-93.12,-84.60
193.4E6,-144.2,-128.1,-132.0,-129.7,-126.4,-122.3,-122.2,-123.6,-123.4,-124.3,-108.7
193.6E6,-89.30,-88.15,-96.62,-96.65,-89.37,-93.24,-88.25,-90.10,-80.13,-81.95,-69.52
193.8E6,-136.7,-134.4,-130.4,-129.8,-126.9,-124.2,-123.2,-123.6,-123.9,-123.4,-105.0
193.9E6,-87.45,-105.0,-78.48,-72.05,-81.16,-101.7,-89.62,-94.62,-94.89,-107.3,-92.90
194.1E6,-141.6,-134.5,-136.9,-127.8,-124.4,-123.6,-122.4,-124.7,-120.5,-145.4,-107.7
194.3E6,-83.93,-95.06,-89.45,-82.64,-84.02,-108.1,-94.15,-85.73,-78.01,-90.95,-106.8
194.5E6,-129.3,-133.8,-130.4,-129.3,-125.5,-124.2,-124.4,-124.0,-124.0,-125.6,-106.8
194.7E6,-88.62,-87.54,-86.97,-84.42,-83.67,-95.75,-85.79,-99.21,-91.46,-84.47,-90.90
194.9E6,-134.9,-137.7,-130.6,-127.8,-124.8,-122.1,-122.2,-124.2,-123.2,-125.5,-105.6
195.1E6,-84.37,-88.61,-76.26,-93.95,-91.04,-85.72,-88.31,-90.12,-85.89,-89.78,-88.91
195.3E6,-130.7,-129.2,-123.6,-129.4,-126.0,-124.0,-121.9,-129.1,-123.5,-124.7,-105.0
195.5E6,-95.74,-86.87,-87.63,-80.37,-78.62,-98.49,-100.4,-83.41,-82.83,-94.56,-86.16
195.7E6,-132.5,-134.5,-135.2,-130.2,-125.6,-119.8,-122.1,-124.3,-124.9,-125.3,-103.5
195.9E6,-89.08,-78.53,-90.67,-84.14,-86.76,-82.11,-82.09,-93.11,-81.26,-85.99,-91.74
196.1E6,-138.1,-147.9,-128.8,-124.3,-126.0,-124.2,-122.8,-122.2,-122.3,-129.0,-102.0
196.3E6,-98.76,-84.68,-94.04,-96.81,-82.32,-82.05,-86.56,-84.02,-90.65,-87.82,-91.64
196.5E6,-134.8,-133.0,-132.0,-127.5,-126.4,-119.6,-122.2,-122.8,-121.2,-125.0,-100.9
196.7E6,-95.54,-84.27,-89.82,-88.28,-92.46,-92.70,-92.68,-81.95,-81.28,-93.44,-87.61
196.9E6,-125.5,-136.4,-133.0,-129.6,-125.1,-125.2,-123.0,-123.4,-124.9,-126.2,-97.98
197.1E6,-86.25,-88.66,-91.66,-85.48,-82.75,-87.56,-90.77,-89.42,-91.60,-89.81,-83.19
197.3E6,-133.3,-135.0,-130.4,-128.1,-125.9,-121.0,-123.0,-123.0,-124.1,-115.5,-93.81
197.5E6,-95.86,-90.95,-82.91,-84.08,-83.75,-85.17,-91.02,-87.94,-88.91,-82.83,-98.16
197.7E6,-134.3,-133.5,-137.7,-126.1,-125.9,-125.5,-121.6,-123.0,-123.9,-128.8,-86.18
197.9E6,-100.7,-84.51,-81.62,-93.64,-88.33,-91.63,-86.47,-96.55,-83.65,-77.30,-9.724
198.0E6,-131.1,-140.5,-130.3,-128.4,-125.1,-127.7,-121.1,-123.5,-124.7,-126.0,-86.40
198.2E6,-89.35,-85.57,-84.92,-87.20,-82.79,-88.68,-87.86,-91.94,-79.27,-95.58,-87.45
198.4E6,-134.4,-129.7,-116.0,-129.1,-126.5,-124.8,-119.3,-121.8,-122.3,-132.5,-95.76
198.6E6,-90.29,-67.30,-81.09,-86.55,-80.17,-85.67,-67.02,-88.57,-85.18,-87.02,-90.66
198.8E6,-131.5,-125.9,-126.1,-128.5,-129.1,-108.4,-122.9,-126.2,-148.8,-128.0,-101.3
199.0E6,-85.17,-90.42,-90.60,-87.80,-88.54,-98.45,-84.66,-90.58,-100.9,-90.96,-82.79
199.2E6,-134.8,-138.3,-133.0,-122.7,-126.9,-124.2,-125.9,-124.1,-123.7,-130.3,-105.6
199.4E6,-92.14,-85.64,-97.29,-77.90,-91.35,-91.77,-87.43,-83.64,-89.67,-91.48,-91.34
199.6E6,-131.6,-134.1,-130.3,-131.1,-125.4,-103.5,-125.5,-124.9,-123.9,-126.5,-107.4
199.8E6,-88.56,-88.74,-90.61,-94.41,-88.64,-92.74,-89.00,-89.01,-91.87,-88.43,-94.85
200.0E6,-136.7,-135.9,-130.5,-129.2,-126.2,-125.0,-123.9,-124.1,-123.7,-129.1,-109.4
